parent_id,child_id
2561,2049
2126,2049
5007,2051
2595,2054
4354,2054
5576,2162
5231,2612
3053,3352
5231,5230
6039,5569
5966,5892
1832,1831
1828,1839
1842,1841
2784,1841
2785,1841
1844,1843
4514,1865
5953,1918
5992,1925
1945,1957
1953,1957
2030,1957
2287,1957
2337,1957
3012,1959
2230,1960
6098,1974
1860,1984
1923,1984
2433,1984
2500,1984
2059,1988
2367,1988
2525,1988
2621,1988
1877,2008
2525,2031
2033,2032
2634,2032
2037,2036
2038,2036
1832,2040
2033,2040
2082,2040
2349,2040
5958,2052
3372,2057
5231,2067
2611,2067
2612,2067
5230,2067
2082,2081
2106,2105
2108,2107
5112,2115
3495,2117
2160,2127
2558,2127
2150,2149
5329,2159
2185,2184
2193,2192
5639,2198
5576,2201
2162,2201
2207,2206
3053,2209
3352,2209
5377,2209
3379,2216
2849,2234
3751,2277
1894,2294
5540,2295
6093,2308
4615,2321
3058,2354
2562,2386
2392,2391
2401,2431
5763,2435
3198,2438
5794,2454
3030,2464
5807,2465
2474,2473
2475,2473
2481,2480
4037,2484
3864,2520
2532,2531
2125,2559
4170,2572
2118,2577
2596,2577
2582,2581
2584,2583
5611,2589
4205,2606
4206,2606
5211,2700
5228,2714
2769,2768
5387,2809
5404,2823
4490,2835
2849,2848
2230,2869
1922,2881
4573,2925
2928,2927
2276,2934
5228,2978
6039,2995
5569,2995
5179,3003
5433,3015
2593,3023
3045,3044
3047,3046
2349,3054
5628,3055
5378,3066
5639,3072
3424,3075
3154,3153
5483,3165
3013,3175
5755,3179
3202,3201
3207,3206
4775,3206
3212,3211
5784,3223
4055,3271
3283,3282
2298,3299
2917,3307
4956,3317
3344,3343
2787,3367
5989,3370
5034,3371
5039,3373
3418,3417
6073,3429
2171,3449
5177,3472
3487,3486
5941,3498
4721,3512
4856,3512
3535,3534
5576,3567
2162,3567
5357,3600
2863,3678
3570,3693
6031,3870
3901,3900
5674,3906
3182,3962
4012,4011
3667,4124
4145,4144
4990,4144
3496,4210
4306,4305
4330,4439
4206,4457
4737,4513
4636,4635
1817,4648
4744,4743
4811,4810
4813,4812
5550,4922
4960,4959
2562,5006
2563,5006
5953,5006
2099,5176
5239,5238
2765,5338
3605,5359
3535,5361
3609,5366
5327,5461
5543,5528
5706,5705
5717,5716
5727,5726
4894,5818
2392,5827
2004,5838
5911,5910
2540,5916
5221,6061
3424,6065
3372,1
1812,1
2057,1
2073,1
2180,1
2362,1
3596,1
3978,1
2561,2
5007,2
2126,2
2562,2
2563,2
2595,2
3053,2
4170,2
4354,2
5958,2
2049,2
2050,2
2051,2
2054,2
2125,2
2558,2
2573,2
2983,2
3352,2
5002,2
5005,2
5008,2
5012,2
5949,2
5953,2
2048,2
2052,2
2053,2
2055,2
2056,2
2559,2
2560,2
2572,2
2574,2
2575,2
3350,2
4042,2
4058,2
4160,2
4161,2
4162,2
4234,2
4428,2
4917,2
4997,2
5003,2
5004,2
5006,2
5009,2
5013,2
5735,2
5833,2
5950,2
5951,2
5952,2
5957,2
5959,2
5960,2
5961,2
5962,2
6039,3
1990,3
3372,3
5569,3
1869,3
2174,3
2323,3
2338,3
2627,3
2995,3
3348,3
3411,3
3453,3
3628,3
3982,3
4191,3
4437,3
4572,3
5209,3
5392,3
5440,3
5723,3
5803,3
2118,4
2126,4
5231,4
5966,4
1817,4
1849,4
1990,4
2125,4
2132,4
2712,4
3090,4
3495,4
3496,4
3802,4
3820,4
3832,4
3842,4
3990,4
4006,4
4324,4
4330,4
4331,4
4334,4
4786,4
4805,4
5024,4
5112,4
5221,4
5228,4
5230,4
5420,4
5892,4
5941,4
1815,4
1816,4
1818,4
2112,4
2113,4
2114,4
2115,4
2116,4
2117,4
2119,4
2120,4
2121,4
2122,4
2123,4
2124,4
2707,4
2708,4
2709,4
2711,4
2713,4
2714,4
3497,4
3498,4
4322,4
4323,4
4325,4
4326,4
4329,4
4332,4
4333,4
4335,4
4336,4
4337,4
4338,4
4339,4
4632,4
5217,4
5218,4
5219,4
5220,4
5226,4
5227,4
5229,4
5232,4
5318,4
3842,5
3990,5
4330,5
2747,5
2931,5
3284,5
3843,5
4439,5
4907,5
5173,5
5802,5
3496,6
2027,6
2064,6
2074,6
2441,6
2759,6
4210,6
4211,6
4390,6
4715,6
4875,6
5063,6
5064,6
6089,6
3154,7
4490,7
4573,7
5239,7
5387,7
6073,7
1813,7
1814,7
1864,7
1892,7
1912,7
1946,7
1954,7
2093,7
2167,7
2254,7
2268,7
2325,7
2419,7
2420,7
2421,7
2428,7
2543,7
2594,7
2641,7
2792,7
2854,7
2916,7
3129,7
3150,7
3151,7
3152,7
3153,7
3155,7
3156,7
3157,7
3230,7
3523,7
3597,7
3657,7
3880,7
3934,7
3944,7
3971,7
4298,7
4634,7
4692,7
4782,7
4783,7
4784,7
4785,7
4863,7
5380,7
5416,7
5424,7
5558,7
5635,7
5729,7
5912,7
5963,7
5987,7
2595,8
2059,8
2593,8
2596,8
3372,8
4187,8
5039,8
5992,8
1870,8
1925,8
2057,8
2058,8
2060,8
2061,8
2462,8
2594,8
2877,8
2999,8
3373,8
3374,8
3412,8
3701,8
4188,8
4189,8
4426,8
4886,8
4939,8
5023,8
5036,8
5037,8
5038,8
5040,8
5051,8
5078,8
5280,8
5417,8
5991,8
5993,8
2014,9
6086,9
1997,10
2393,10
6039,11
2621,11
2069,11
2070,11
2071,11
2072,11
2620,11
2622,11
3955,12
4093,12
2229,12
2854,12
2855,12
3393,12
3674,12
3675,12
3676,12
4508,12
1949,13
1997,13
1998,13
2014,13
2420,13
2463,13
2607,13
3424,14
2082,14
2634,14
5123,14
2077,14
2078,14
2079,14
2080,14
2081,14
2228,14
2394,14
2535,14
2631,14
2632,14
2633,14
2635,14
2636,14
2746,14
2776,14
2933,14
3423,14
3917,14
4049,14
4242,14
4244,14
4403,14
4652,14
5103,14
5122,14
5124,14
5125,14
5129,14
6064,14
6065,14
6066,14
6067,14
4170,15
2298,15
2605,15
3012,15
3820,15
3821,15
6085,15
1825,15
1883,15
1899,15
1911,15
1959,15
2172,15
2247,15
2261,15
2333,15
2598,15
2686,15
2750,15
2756,15
2960,15
3173,15
3299,15
3351,15
3803,15
3822,15
4069,15
4436,15
4617,15
4658,15
5026,15
5601,15
5691,15
5851,15
5863,15
5976,15
2928,16
3013,16
3198,16
3212,16
3955,16
5211,16
5420,16
5953,16
6098,16
1822,16
1836,16
1866,16
1915,16
1918,16
1921,16
1974,16
1975,16
1976,16
1977,16
1978,16
1979,16
1980,16
1981,16
1982,16
2010,16
2011,16
2066,16
2429,16
2476,16
2567,16
3173,16
3174,16
3175,16
3176,16
3177,16
3544,16
3956,16
3957,16
4020,16
4281,16
4584,16
4801,16
4802,16
4803,16
4950,16
5422,16
5748,16
5749,16
5750,16
5751,16
5752,16
5576,17
1832,17
2160,17
2162,17
2171,17
2765,17
3570,17
4415,17
4416,17
4421,17
1815,17
1831,17
2161,17
2163,17
2164,17
2165,17
2166,17
2167,17
2168,17
2169,17
2170,17
2615,17
2764,17
2766,17
2767,17
2890,17
3125,17
3281,17
3427,17
3566,17
3567,17
3568,17
3569,17
3571,17
3572,17
3573,17
3574,17
3575,17
3576,17
3577,17
3578,17
3795,17
3815,17
4412,17
4413,17
4414,17
4417,17
4418,17
4419,17
4420,17
4422,17
4423,17
4474,17
4499,17
5070,17
5331,17
5332,17
5333,17
5334,17
5335,17
5336,17
5337,17
5338,17
5493,17
5811,17
2907,18
3100,18
4921,18
5488,18
3047,19
1867,19
1868,19
2006,19
2077,19
2143,19
2246,19
2271,19
2412,19
2893,19
2894,19
3463,19
4535,19
4536,19
5466,19
5467,19
5468,19
5469,19
5470,19
6100,19
2185,20
5357,20
1834,20
1835,20
1836,20
1837,20
2131,20
2183,20
2184,20
2490,20
2774,20
2783,20
2856,20
3598,20
3599,20
3600,20
3601,20
3851,20
4050,20
4444,20
4445,20
4446,20
4576,20
5196,20
5210,20
5262,20
5355,20
5356,20
5660,20
5812,20
6000,20
5966,21
3864,21
5892,21
1833,21
1881,21
1906,21
1911,21
2000,21
2068,21
2176,21
2181,21
2220,21
2282,21
2296,21
2364,21
2382,21
2446,21
2449,21
2456,21
2471,21
2520,21
2661,21
2680,21
2761,21
2778,21
2779,21
2822,21
2841,21
3406,21
3531,21
4197,21
4436,21
4750,21
5347,21
6016,21
4170,22
6039,22
2106,22
4006,22
5491,22
5569,22
5794,22
5795,22
1996,22
2454,22
2479,22
2526,22
2751,22
3001,22
4007,22
4861,22
5549,22
6015,22
2059,23
2367,23
2525,23
2621,23
1988,23
1989,23
2031,23
2175,23
2389,23
2460,23
2485,23
2930,23
3196,23
3197,23
3466,23
3847,23
4132,23
4264,23
4335,23
4400,23
4827,23
4828,23
4829,23
4830,23
5065,23
5364,23
5475,23
5769,23
5770,23
5771,23
5772,23
5773,23
5960,23
3495,24
5941,24
2083,24
2117,24
2310,24
2331,24
2552,24
2630,24
2642,24
2693,24
3335,24
3348,24
4601,24
5942,24
5943,24
5944,24
6039,25
5569,25
2310,25
2610,25
2735,25
2995,25
2996,25
5570,25
2150,26
1825,26
1826,26
2142,26
2143,26
2144,26
2145,26
2146,26
2147,26
2148,26
2149,26
2179,26
2363,26
2470,26
2616,26
2705,26
2803,26
3158,26
3260,26
3269,26
3345,26
3413,26
3540,26
3541,26
3542,26
3660,26
4277,26
4380,26
4381,26
4382,26
4383,26
4638,26
4848,26
5104,26
5249,26
5266,26
5286,26
5287,26
5288,26
5289,26
5290,26
5291,26
5292,26
5293,26
5294,26
5295,26
5301,26
5546,26
5665,26
5842,26
5848,26
5888,26
2561,27
2126,27
2049,27
2365,27
2582,27
3344,27
4138,27
4205,27
4318,27
5339,27
6107,27
1903,27
2274,27
2497,27
2923,27
2924,27
3181,27
3243,27
3571,27
3798,27
3811,27
4082,27
4202,27
4566,27
5409,27
5468,27
5506,27
5507,27
5902,27
5925,27
5937,27
2556,28
4994,28
5062,28
1949,29
1849,30
5639,30
1816,30
2197,30
2198,30
2798,30
2799,30
2800,30
2801,30
2811,30
3005,30
3072,30
3619,30
3620,30
3621,30
4225,30
4459,30
4460,30
5374,30
5375,30
5979,30
1832,31
2033,31
2082,31
2349,31
3283,31
3487,31
4145,31
5763,31
5869,31
1947,31
1955,31
1985,31
1986,31
1987,31
2026,31
2040,31
2046,31
2146,31
2318,31
2434,31
2435,31
2574,31
2722,31
2807,31
3156,31
3185,31
3186,31
3187,31
3188,31
3189,31
3190,31
3282,31
4820,31
5081,31
5342,31
5500,31
5768,31
5945,31
6014,31
3090,32
4334,32
4615,32
5807,32
2321,32
2375,32
2629,32
2717,32
2875,32
3091,32
3892,32
4241,32
4581,32
4716,32
4969,32
5109,32
5544,32
5663,32
2787,33
4112,33
4452,33
5002,33
5008,33
1807,33
1808,33
1811,33
1851,33
1854,33
1871,33
2085,33
2229,33
2290,33
2313,33
2332,33
2344,33
2390,33
2424,33
2551,33
2571,33
2601,33
2685,33
3024,33
3084,33
3099,33
3102,33
3147,33
3169,33
3293,33
3426,33
3445,33
3533,33
3537,33
3548,33
3616,33
3790,33
3857,33
3861,33
3898,33
3899,33
3912,33
4001,33
4016,33
4053,33
4104,33
4155,33
4179,33
4299,33
4350,33
4376,33
4534,33
4545,33
4549,33
4595,33
4695,33
4714,33
4734,33
4799,33
4984,33
5132,33
5155,33
5413,33
5435,33
5655,33
5699,33
5859,33
6077,33
2365,34
2367,34
1939,34
1940,34
1941,34
1942,34
2366,34
2368,34
2712,35
3821,35
4330,35
4805,35
5587,35
5588,35
5982,35
1833,35
1889,35
1901,35
2179,35
2191,35
2410,35
2780,35
3159,35
3303,35
3407,35
3591,35
3729,35
4178,35
4439,35
4440,35
4712,35
4806,35
4832,35
5638,35
5898,35
6054,35
5015,36
5024,36
5982,36
2299,36
4004,36
4222,36
4223,36
4871,36
5040,36
5169,36
5193,36
5933,36
6060,36
5007,37
2051,37
2298,37
4093,37
5008,37
5357,37
1916,37
2019,37
2020,37
2021,37
2022,37
2023,37
2024,37
2025,37
2091,37
2211,37
2347,37
2348,37
2515,37
2516,37
2570,37
2782,37
3299,37
3300,37
3301,37
3600,37
4036,37
4094,37
4095,37
4096,37
4792,37
4802,37
4822,37
5102,37
5820,37
2401,38
1804,38
1897,38
1934,38
1968,38
2035,38
2248,38
2336,38
2376,38
2377,38
2399,38
2400,38
2414,38
2431,38
2633,38
2640,38
2912,38
3092,38
3093,38
3094,38
3095,38
3623,38
4040,38
4131,38
4433,38
4717,38
4718,38
4719,38
5260,38
5864,38
5112,39
2115,39
2135,39
2247,39
2248,39
2249,39
2283,39
2307,39
2370,39
2483,39
2650,39
2897,39
3617,39
3696,39
4537,39
4538,39
4539,39
5321,39
5473,39
5474,39
5475,39
5629,39
1878,40
1879,40
2088,40
2261,40
2303,40
2417,40
2565,40
2684,40
2910,40
2911,40
2912,40
3060,40
3121,40
3714,40
4231,40
4398,40
4547,40
4869,40
4936,40
5474,40
5778,40
5858,40
5862,40
4514,41
1847,41
1865,41
2291,41
2656,41
2657,41
2658,41
2659,41
2755,41
2906,41
3321,41
3422,41
3458,41
3459,41
3508,41
4253,41
4277,41
4278,41
5268,41
5345,41
5590,41
6012,41
6105,41
6106,41
1891,42
1914,42
1936,42
1940,42
2070,42
2233,42
2341,42
2533,42
2557,42
3035,42
3987,42
4149,42
4371,42
2540,43
5024,43
5982,43
1818,43
2061,43
2134,43
2443,43
2659,43
2719,43
2824,43
3042,43
3065,43
3218,43
3363,43
3973,43
4182,43
4208,43
4899,43
5025,43
5026,43
5027,43
5916,43
5981,43
5983,43
5984,43
5985,43
6079,43
2075,44
2177,44
2178,44
2501,44
2681,44
3086,44
3774,44
4438,44
4735,44
5331,44
5349,44
5350,44
5462,44
5465,44
5624,44
5715,44
5825,44
5951,44
2584,45
2647,45
3058,45
5404,45
5664,45
2124,45
2305,45
2312,45
2351,45
2354,45
2542,45
2543,45
2544,45
2583,45
2823,45
3200,45
3324,45
3500,45
3704,45
4467,45
4904,45
4967,45
5057,45
5106,45
5295,45
5766,45
5800,45
5828,45
5831,45
5918,45
5962,45
5990,45
1867,46
1882,46
1891,46
1892,46
2064,46
2164,46
2265,46
2278,46
2279,46
2413,46
2656,46
2671,46
2944,46
2945,46
2946,46
3436,46
3752,46
3824,46
3944,46
5525,46
5526,46
1924,47
3212,47
5177,47
2238,47
2255,47
2445,47
2486,47
2688,47
2758,47
3209,47
3210,47
3211,47
3213,47
3472,47
3979,47
3980,47
4418,47
4749,47
4830,47
5293,47
5315,47
5579,47
5778,47
5993,47
3053,48
2207,48
3352,48
5377,48
5674,48
1835,48
2104,48
2188,48
2206,48
2208,48
2209,48
2210,48
2369,48
2509,48
2799,48
2816,48
3233,48
3568,48
3640,48
3641,48
3689,48
3906,48
4300,48
5690,48
6006,48
5576,49
2132,49
2162,49
5377,49
5378,49
1850,49
2199,49
2200,49
2201,49
2202,49
2252,49
2547,49
3567,49
3622,49
3623,49
3624,49
3625,49
5071,49
5130,49
5376,49
5231,50
1860,50
1923,50
2433,50
2500,50
2611,50
2612,50
5230,50
1984,50
2067,50
2200,50
2366,50
2620,50
5943,50
3013,51
1826,51
1884,51
1900,51
1968,51
2249,51
3138,51
3175,51
3193,51
3301,51
5718,51
1832,52
1894,52
2033,52
2082,52
2349,52
2634,52
3764,52
1831,52
1856,52
1981,52
2003,52
2032,52
2040,52
2041,52
2042,52
2043,52
2081,52
2294,52
2316,52
2319,52
2548,52
3054,52
3289,52
3339,52
4130,52
4131,52
4132,52
4133,52
4134,52
4157,52
4978,52
4979,52
4980,52
5178,52
5486,52
5737,52
5761,52
5925,52
5926,52
6038,52
6087,52
3225,53
4413,53
4774,53
5368,53
4548,54
2003,54
2123,54
2485,54
2486,54
2487,54
2518,54
2876,54
3257,54
3711,54
4038,54
4791,54
5667,54
5730,54
5830,54
5831,54
5832,54
5833,54
5961,54
2917,55
2027,55
2147,55
2204,55
2440,55
2702,55
3244,55
3306,55
3307,55
3308,55
3309,55
3310,55
4939,55
4940,55
5076,55
1922,56
1923,56
1924,56
3863,56
3864,56
5992,56
1925,56
3065,56
3862,56
5319,56
5651,56
2193,57
3605,57
3609,57
4205,57
4206,57
5513,57
1847,57
2192,57
2221,57
2272,57
2542,57
2606,57
2770,57
2791,57
2792,57
2805,57
3187,57
3265,57
3430,57
3447,57
3470,57
3610,57
3736,57
4163,57
4256,57
4297,57
4309,57
4377,57
4453,57
4454,57
4455,57
4456,57
4457,57
4628,57
4661,57
4678,57
4747,57
5090,57
5215,57
5287,57
5324,57
5359,57
5366,57
5496,57
3053,58
1931,58
2207,58
3352,58
5211,58
5377,58
5639,58
1893,58
1930,58
2198,58
2209,58
2358,58
2700,58
2911,58
3035,58
3072,58
3073,58
3123,58
3140,58
3174,58
3272,58
3300,58
3598,58
3874,58
3875,58
3904,58
4361,58
4553,58
4626,58
4694,58
4695,58
5247,58
5290,58
5640,58
1849,59
3012,59
3802,59
3842,59
5588,59
1958,59
1959,59
2055,59
2396,59
2522,59
4175,59
4750,59
4751,59
4888,59
5386,59
5682,59
5683,59
3012,60
3013,60
3802,60
5587,60
5588,60
1875,60
1905,60
1906,60
1907,60
2317,60
2371,60
2884,60
3220,60
3803,60
3804,60
4637,60
4638,60
4639,60
5250,60
5586,60
5589,60
5590,60
5935,60
2038,61
4894,61
5618,61
1803,61
1805,61
1879,61
1898,61
1935,61
1962,61
1999,61
2089,61
2152,61
2190,61
2403,61
2406,61
2476,61
2517,61
2579,61
3246,61
3397,61
4031,61
4893,61
4895,61
5344,61
5604,61
5818,61
5819,61
5820,61
2160,62
2558,62
5175,62
2127,62
2213,62
2214,62
2215,62
2437,62
2780,62
2825,62
2826,62
2827,62
3485,62
3536,62
3643,62
3644,62
3645,62
3646,62
3647,62
3696,62
4130,62
4389,62
4476,62
4477,62
4478,62
4479,62
4480,62
4481,62
4552,62
4857,62
5274,62
5405,62
5406,62
5714,62
1869,63
1870,63
2983,64
1899,64
1900,64
1965,64
2304,64
2305,64
2651,64
2838,64
2982,64
2984,64
3122,64
3267,64
3302,64
3556,64
3783,64
4174,64
4616,64
5555,64
6020,64
2118,65
1877,65
5483,65
1801,65
1874,65
1875,65
1876,65
2087,65
2251,65
2252,65
2253,65
2254,65
2255,65
2256,65
2482,65
2592,65
2625,65
2901,65
2902,65
3067,65
3410,65
3709,65
3838,65
4505,65
4540,65
4994,65
5425,65
5484,65
5485,65
5486,65
5589,65
5686,65
5942,65
2028,66
2030,66
2033,66
2525,66
2634,66
4112,66
4958,66
2029,66
2031,66
2032,66
2155,66
2169,66
2524,66
2526,66
2527,66
2528,66
3462,66
4018,66
4111,66
4113,66
4429,66
5895,66
5896,66
5897,66
1938,67
1942,67
2056,67
2060,67
2072,67
5231,68
5958,68
2433,68
2612,68
2052,68
2368,68
2487,68
2551,68
2613,68
2622,68
3624,68
4706,68
6036,68
1998,69
2108,70
2928,70
1811,70
1909,70
2686,70
2687,70
2688,70
2860,70
2927,70
3484,70
4298,70
4366,70
4631,70
5152,70
5196,70
5197,70
5198,70
5199,70
5200,70
1961,71
1962,71
2358,71
2399,71
2566,71
2757,71
3082,71
3121,71
3122,71
3123,71
3124,71
3240,71
3342,71
3924,71
3925,71
4233,71
4434,71
4509,71
4719,71
4759,71
4760,71
4937,71
4949,71
5314,71
5690,71
5691,71
1904,72
3832,72
4636,72
5585,72
1829,72
1902,72
1903,72
2213,72
2314,72
2315,72
2316,72
2339,72
2652,72
2870,72
2976,72
3007,72
3008,72
3009,72
3010,72
3011,72
3268,72
3390,72
3673,72
3800,72
3801,72
3819,72
4224,72
4635,72
5580,72
5581,72
5582,72
5583,72
5584,72
2155,73
2756,73
2757,73
2758,73
3446,73
3554,73
4402,73
4403,73
4486,73
5318,73
5319,73
5966,74
3864,74
5892,74
2342,74
2520,74
2521,74
2522,74
3234,74
3868,74
4105,74
4106,74
4496,74
4670,74
4807,74
5502,74
2037,75
4514,75
5543,75
1971,75
1987,75
2301,75
2423,75
2424,75
3164,75
3945,75
3946,75
4612,75
5528,75
5556,75
5650,75
5731,75
5732,75
1842,76
2276,76
2513,76
3222,76
4573,76
4811,76
5329,76
5513,76
5628,76
5717,76
5989,76
6052,76
1857,76
1886,76
1887,76
1991,76
2241,76
2274,76
2314,76
2455,76
2523,76
2925,76
3629,76
3733,76
3734,76
4454,76
4574,76
4829,76
5514,76
5515,76
5866,76
2437,77
4826,77
2863,79
4514,79
4737,79
5706,79
1864,79
1865,79
2157,79
2862,79
2864,79
2865,79
2866,79
2867,79
2941,79
3151,79
3380,79
3408,79
3678,79
3986,79
4513,79
5172,79
5405,79
5441,79
5642,79
5707,80
5739,80
5794,80
1933,80
1934,80
1935,80
2361,80
2454,80
2701,80
2806,80
2888,80
3076,80
3077,80
3191,80
3288,80
3402,80
4047,80
4099,80
4401,80
4697,80
4698,80
5650,80
4037,81
2075,81
2076,81
2484,81
6051,81
5739,82
4209,82
1922,83
1866,83
2241,83
2242,83
2881,83
2882,83
2899,83
3313,83
3687,83
3688,83
4527,83
4528,83
5458,83
5459,83
5514,83
5581,83
5876,83
5991,83
2595,84
4354,84
2054,84
2329,84
2573,84
5175,84
1834,84
2186,84
2243,84
2469,84
2637,84
3142,84
3364,84
3603,84
4057,84
4449,84
5126,84
5537,84
5562,84
5682,84
5725,84
5779,84
2074,85
2623,85
2624,85
2625,85
2626,85
2627,85
2814,85
3399,85
3665,85
4518,85
5093,85
5094,85
5095,85
5096,85
5564,85
6043,85
4055,86
1868,86
2005,86
2006,86
2007,86
2490,86
2491,86
2568,86
3052,86
3271,86
3272,86
3273,86
3354,86
3552,86
3672,86
4054,86
4056,86
4667,86
4906,86
5101,86
5375,86
5480,86
5497,86
5661,86
5846,86
5847,86
5848,86
5849,86
5850,86
5851,86
5852,86
5853,86
5854,86
6067,86
3840,87
4674,87
5616,87
5617,87
2849,88
4501,88
5433,88
1861,88
2227,88
2228,88
2472,88
2848,88
3248,88
3668,88
3669,88
3670,88
3671,88
3963,88
4499,88
4500,88
4502,88
4503,88
4504,88
4819,88
5428,88
5429,88
5430,88
5431,88
5432,88
5434,88
2017,89
3283,89
1853,89
1989,89
2078,89
3074,89
3808,89
3914,89
4232,89
4596,89
4782,89
4996,89
1966,90
2503,90
2504,90
2821,90
3241,90
4074,90
4134,90
4167,90
4526,90
4920,90
4982,90
5395,90
5491,91
2087,92
2088,92
2655,92
4276,92
6102,92
6103,92
2083,93
2140,93
2141,93
2637,93
2638,93
3427,93
3521,93
4029,93
4143,93
4246,93
4301,93
5143,93
5167,93
5282,93
5283,93
2017,94
5784,94
1991,94
2311,94
2448,94
2800,94
2853,94
3223,94
3224,94
3292,94
3338,94
3630,94
3645,94
3986,94
3987,94
3988,94
3989,94
4014,94
4455,94
4841,94
4842,94
4855,94
5082,94
5139,94
5434,94
5614,94
5617,94
5919,94
5550,95
1910,95
2079,95
2586,95
2657,95
3273,95
3286,95
3287,95
3288,95
3289,95
3290,95
3291,95
3858,95
4795,95
4895,95
4922,95
5872,95
2474,96
2475,96
5378,96
1983,96
2416,96
2473,96
2932,96
2998,96
3066,96
3243,96
3244,96
3245,96
3264,96
3396,96
3675,96
4027,96
4028,96
4029,96
4752,96
4778,96
4891,96
4892,96
5137,96
5163,96
5587,97
1893,97
1907,97
2001,97
2063,97
2133,97
2282,97
2283,97
2383,97
2576,97
3807,97
3867,97
4198,97
5113,97
5218,97
5506,97
5865,97
1860,98
1923,98
2433,98
2500,98
1984,98
4463,99
3630,99
2181,100
2182,100
2388,100
2781,100
4441,100
4442,100
4943,100
5296,100
5430,100
6064,100
2035,101
2141,101
2536,101
2752,101
4116,101
4117,101
4118,101
4119,101
4512,101
5439,101
5721,101
5912,101
5913,101
3182,102
1982,102
1983,102
2415,102
2432,102
3450,102
3759,102
3961,102
3962,102
3963,102
4258,102
5013,102
5127,102
5198,102
1994,103
2302,103
2425,103
2734,103
2895,103
2896,103
2910,103
3112,103
3320,103
3695,103
5471,103
5472,103
5880,104
4932,104
1846,104
2016,104
2507,104
2508,104
2509,104
2510,104
2511,104
3297,104
4083,104
4933,104
3955,105
4093,105
2603,105
2604,105
4203,105
4872,105
5054,105
5055,105
1828,106
2392,106
2532,106
5005,106
5795,106
1839,106
1996,106
2180,106
2197,106
2285,106
2531,106
2918,106
2919,106
3237,106
3965,106
4039,106
5827,106
1880,107
1881,107
1882,107
1883,107
1884,107
2271,107
3723,107
3983,107
4472,107
4558,107
4559,107
4560,107
4561,107
4562,107
4563,107
4564,107
5505,107
2337,108
3028,108
3030,108
3031,108
1912,108
1913,108
2336,108
2338,108
3029,108
3823,108
3824,108
3825,108
3826,108
4523,108
5605,108
5938,108
2286,109
2457,109
4447,109
5447,109
5523,109
5949,110
1977,110
2022,110
3116,110
3622,110
4349,110
5061,110
5313,110
5317,110
5785,110
5947,110
1927,111
1928,111
2145,111
2166,111
2715,111
3437,111
3957,111
4691,111
4766,111
4781,111
4793,111
1819,112
1858,112
2133,112
2134,112
2306,112
2387,112
2624,112
3164,112
3255,112
3514,112
4827,112
5259,112
5260,112
5965,112
2026,113
3051,113
3226,113
3302,113
3980,113
4003,113
4936,113
4937,113
5029,113
5050,113
5887,113
1894,114
5516,114
5540,114
2292,114
2293,114
2294,114
2295,114
2966,114
2967,114
3133,114
3771,114
3772,114
5349,114
5411,114
5539,114
6090,114
2561,115
5007,115
2126,115
2595,115
4354,115
1877,115
1924,115
1931,115
1944,115
1952,115
2028,115
2049,115
2050,115
2051,115
2054,115
2224,115
2329,115
2365,115
2532,115
2593,115
3031,115
3863,115
3878,115
3881,115
4187,115
4190,115
4415,115
4548,115
4958,115
5339,115
5618,115
1851,115
1937,115
1941,115
1951,115
2008,115
2071,115
2266,115
3023,115
3627,115
4072,115
4461,115
4508,115
5381,115
5452,115
5753,115
1845,116
1846,116
2187,116
2188,116
2189,116
2790,116
2818,116
5455,116
2106,117
2105,117
2689,117
2690,117
2691,117
3311,117
3485,117
3619,117
4300,117
4301,117
3550,118
3814,118
4856,118
5727,118
6085,118
1994,118
2452,118
2555,118
3049,118
3697,118
3801,118
3828,118
3921,118
4606,118
4857,118
4858,118
4859,118
4925,118
5043,118
5494,118
5565,118
5607,118
5652,118
5726,118
5793,118
5822,118
5914,118
3878,119
1932,119
2058,119
2102,119
2359,119
2360,119
2545,119
3101,119
3603,119
3879,119
3880,119
4252,119
4755,119
5291,119
5356,119
5646,119
5647,119
5648,119
5649,119
6051,119
1970,120
2073,120
2623,120
3391,120
4031,120
4393,120
5086,120
5087,120
5088,120
2086,121
2650,121
2651,121
2652,121
4880,121
5656,121
6095,121
3732,122
5012,123
1917,123
1927,123
2144,123
2419,123
2426,123
3783,123
3809,123
3810,123
4654,123
5308,123
5427,123
5598,123
5744,123
1969,124
1970,124
2422,124
2831,124
3158,124
3159,124
3160,124
3527,124
3938,124
4516,124
4788,124
5730,124
1931,125
2477,125
4311,125
5791,125
1922,126
2881,126
3048,126
4089,126
4090,126
1817,127
4894,127
5012,127
1986,127
1999,127
2327,127
2397,127
3119,127
3833,127
3895,127
3920,127
4181,127
4207,127
4648,127
4690,127
4733,127
4752,127
4753,127
5606,127
5684,127
5808,127
5939,127
1812,128
1813,128
2468,128
2825,128
2850,128
3136,128
3331,128
3674,128
4351,128
1828,129
5327,129
5329,129
1827,129
1829,129
1830,129
2157,129
2158,129
2159,129
2762,129
2763,129
3561,129
3562,129
3563,129
3564,129
3565,129
4407,129
4408,129
4409,129
4410,129
4411,129
5170,129
5214,129
5324,129
5325,129
5326,129
5328,129
5330,129
5341,129
5792,129
1952,130
1953,130
1951,130
1954,130
1955,130
3099,130
3445,130
3866,130
3885,130
3894,130
4015,130
4461,130
4722,130
5412,130
5414,130
5654,130
4865,131
5798,131
2787,132
1828,132
1842,132
1844,132
2784,132
2785,132
3535,132
3605,132
4451,132
4452,132
1839,132
1840,132
1841,132
1843,132
2786,132
3534,132
3604,132
3606,132
3607,132
3950,132
4450,132
5358,132
5359,132
5360,132
5361,132
5383,132
5525,132
2401,133
1850,133
2122,133
2430,133
2431,133
3143,133
3416,133
3757,133
5753,133
3030,134
5807,134
2116,134
2464,134
2465,134
4878,134
2063,135
4161,135
4209,135
5061,135
5062,135
5220,135
6014,135
6015,135
2661,136
2662,136
2663,136
3460,136
4279,136
2474,137
2481,137
1886,137
1972,137
2244,137
2407,137
2726,137
2727,137
3000,137
3139,137
3208,137
3306,137
3507,137
4361,137
4431,137
4665,137
5063,137
5262,137
5263,137
5264,137
5286,137
5593,137
5738,137
6026,137
2037,138
2038,138
1971,138
2036,138
2280,138
2548,138
2725,138
2789,138
2796,138
2985,138
3913,138
3914,138
3915,138
3916,138
3917,138
4140,138
4384,138
4745,138
4910,138
5045,138
5068,138
5131,138
5197,138
5347,138
5771,138
5832,138
6066,138
2379,139
3595,139
4798,139
5741,139
5742,139
5743,139
1920,140
1921,140
5632,140
4081,141
2004,142
4037,142
4960,142
5794,142
6031,142
1848,142
1992,142
1993,142
3228,142
3870,142
4845,142
4846,142
4847,142
5098,142
5789,142
5838,142
1858,143
4385,143
1876,144
2000,144
2001,144
2002,144
2374,144
2478,144
2479,144
2763,144
3221,144
3252,144
3253,144
5823,144
1803,145
1933,145
2096,145
2669,145
4283,145
5174,145
1855,146
1856,146
2211,146
2212,146
2706,146
2822,146
3008,146
3642,146
4474,146
4475,146
4611,146
5384,146
5491,147
2370,147
2371,147
2372,147
2373,147
2374,147
3026,147
3086,147
3087,147
3887,147
4591,147
4712,147
4713,147
4909,147
5059,147
5659,147
2562,148
2563,148
2849,148
5953,148
1917,148
1918,148
1920,148
2086,148
2178,148
2234,148
2352,148
2503,148
3056,148
3251,148
5006,148
5289,148
5629,148
5889,148
2108,149
1889,149
1890,149
2013,149
2107,149
2935,149
2936,149
3593,149
3743,149
3945,149
4580,149
1948,150
2189,150
2369,150
2510,150
3085,150
4710,150
4711,150
4786,151
1890,151
2614,151
2643,151
2644,151
3435,151
3794,151
6076,151
1862,152
2245,152
2682,152
2850,152
4257,152
4515,152
4620,152
5194,152
6001,152
1809,153
1810,153
2104,153
2187,153
2507,153
2683,153
4296,153
4710,153
1809,154
1845,154
1878,154
1914,154
1939,154
1948,154
1956,154
1961,154
1975,154
2005,154
2016,154
2020,154
2053,154
2062,154
2069,154
2090,154
2250,154
2352,154
2432,154
3840,154
4307,154
5204,154
5875,154
1901,155
1995,155
2222,155
3448,155
4465,155
5575,155
2863,156
4813,156
5755,156
1913,156
2292,156
3854,156
4824,156
5297,156
5337,156
5767,156
5768,156
1897,157
1898,157
2303,157
3415,157
3947,157
4612,157
1844,158
2043,158
2047,158
2148,158
2600,158
2601,158
2644,158
3636,158
1969,159
2076,159
3514,159
5014,159
5774,159
2059,160
2367,160
2525,160
2621,160
1988,160
3119,160
4074,160
4441,160
1904,161
2532,161
2531,161
4061,161
5899,161
5900,161
5901,161
5404,162
1857,162
2396,162
2823,162
5403,162
2563,163
5185,163
2829,163
3650,163
3651,163
3652,163
4483,163
4484,163
4876,163
5408,163
1860,164
2224,164
1859,164
2219,164
2847,164
3892,164
4314,164
4493,164
4494,164
4495,164
5419,164
2230,165
2150,165
2231,165
2481,165
2647,165
3605,165
5513,165
5585,165
1821,165
1822,165
1823,165
1827,165
1885,165
1902,165
1960,165
1976,165
2021,165
2137,165
2395,165
2480,165
3590,165
3615,165
3844,165
4364,165
4372,165
5269,165
5270,165
5271,165
5358,165
5596,165
5599,165
5632,165
5634,165
5920,165
6013,165
3379,166
5042,166
2045,166
2216,166
2450,166
2832,166
3018,166
4007,166
4227,166
4486,166
2329,167
2328,167
2330,167
2331,167
2346,167
2843,167
2942,167
3025,167
3780,167
3812,167
4043,167
4655,167
5599,167
5813,167
5995,167
2772,168
3071,168
3679,168
5046,168
5999,168
2084,169
2645,169
2697,169
3107,169
4264,169
5231,170
2611,170
2612,170
5230,170
2067,170
2613,170
2590,172
3250,172
5052,172
5258,172
6006,172
6007,172
6008,172
2291,173
1844,174
4813,174
5611,174
1843,174
2588,174
2589,174
3362,174
4179,174
4812,174
5970,174
5977,174
5978,174
5906,175
5907,175
1873,175
1932,175
2451,175
2649,175
3291,175
4268,175
4758,175
5774,175
1801,176
2092,176
2093,176
2320,176
2664,176
3148,176
3463,176
3464,176
3927,176
4088,176
4673,176
5458,176
2084,177
3178,177
3796,177
4729,177
5044,177
6081,177
1972,178
1973,178
2427,178
2428,178
3171,178
3172,178
3954,178
4800,178
5261,178
5441,178
5747,178
5903,178
3028,179
5175,179
3469,179
2264,180
3800,180
4098,180
4881,180
5498,180
5499,180
5500,180
5636,180
5931,180
1964,181
1965,181
1966,181
1967,181
2404,181
2405,181
3133,181
3960,181
4992,181
5672,181
5911,182
1814,182
1905,182
1985,182
3064,182
4315,182
5212,182
5213,182
5382,182
5522,182
6062,182
2039,183
2538,183
3319,183
3836,183
1885,184
4222,184
4569,184
4570,184
4571,184
5512,184
1842,185
2784,185
2785,185
1841,185
2638,185
3362,185
3716,185
4836,185
4837,185
5142,185
5557,185
5906,187
5907,187
2002,187
3321,187
3516,187
3877,187
2847,189
1807,190
1930,190
1963,190
1992,190
3108,190
3473,190
3474,190
3475,190
3713,190
4286,190
4287,190
4293,190
4408,190
2065,191
2066,191
2608,191
2609,191
2610,191
3385,191
5068,191
6019,191
2068,192
2616,192
4135,192
3792,193
5860,193
1824,194
1874,194
3530,194
4111,194
4375,194
2004,195
1837,195
2489,195
3262,195
4048,195
4835,195
5681,195
5838,195
4081,196
2046,197
2047,197
2511,197
2636,197
4156,197
4157,197
5946,197
2537,198
3658,198
3710,198
3817,198
4123,198
4365,198
4541,198
4654,198
5269,198
5880,199
6088,199
1872,199
2007,199
2154,199
2587,199
2597,199
3810,199
4192,199
4193,199
4369,199
4550,199
4989,199
5390,199
5732,199
1908,200
2318,200
3014,200
3505,200
3805,200
3806,200
4008,200
4640,200
5183,200
5222,200
5432,200
5593,200
5594,200
1853,201
1854,201
2643,201
2818,201
2819,201
2820,201
4387,201
5212,201
5401,201
5625,201
5789,201
5179,202
1804,202
1805,202
2048,202
2100,202
5376,202
3667,204
1861,204
4120,204
4124,204
5913,204
5917,204
1944,205
1952,205
2028,205
1871,205
2037,206
2038,206
2036,206
2361,206
2541,206
4919,206
5438,206
5712,206
5978,206
4501,207
4509,207
4510,207
2185,208
3751,208
1823,208
2499,208
2614,208
6030,208
1880,209
2156,209
3560,209
4290,209
4406,209
1810,210
2986,210
5674,211
1929,211
3707,211
3831,211
4194,211
5334,211
1817,212
2240,212
2325,212
2353,212
2404,212
2591,212
3019,212
3460,212
4317,212
4373,212
4647,212
4648,212
4649,212
5596,212
1945,213
1953,213
2030,213
2287,213
2337,213
1957,213
2012,213
2592,213
3709,213
5035,213
6029,213
1862,214
4045,214
5683,214
1944,215
1945,215
1946,215
1947,215
3084,215
3885,215
3886,215
4709,215
1963,216
2948,216
5099,216
5553,216
5764,216
6080,216
2913,217
1979,217
2011,217
2012,217
2498,217
2499,217
4059,217
4060,217
5860,217
5861,217
5727,218
2418,218
3148,218
3149,218
3942,218
3943,218
4583,218
4780,218
4781,218
5725,218
5726,218
5728,218
1967,219
2091,219
4374,219
5041,220
3064,220
3859,220
3860,220
4687,220
5041,221
1830,221
2183,221
2335,221
2381,221
2407,221
2408,221
2409,221
2498,221
3135,221
3141,221
3455,221
3920,221
5055,221
5669,221
5711,221
5712,221
5713,221
2042,222
2529,222
2530,222
5543,223
1855,223
1964,223
2280,223
2546,223
3702,223
3753,223
3995,223
5255,223
5528,223
2112,224
2760,224
3862,224
5321,224
2009,225
2010,225
2494,225
2495,225
2496,225
2497,225
4057,225
5180,225
6019,225
1908,226
3214,226
3215,226
3510,226
3875,226
3981,226
4359,226
4835,226
5201,226
5598,226
5779,226
2363,227
2364,227
5656,227
1840,228
3259,228
3888,228
4417,228
4714,228
5786,228
1936,230
1937,230
1938,230
3884,230
2456,231
2457,231
2808,231
5073,231
5799,231
5800,231
2018,232
4088,232
4934,232
5559,232
2041,233
2217,233
2345,233
2439,233
2512,233
3378,233
5224,233
2018,234
2269,234
2920,234
3996,235
3997,235
4010,235
4882,235
5472,235
3703,236
3830,236
5606,236
5607,236
1872,237
1873,237
2513,238
5883,238
2045,238
2170,238
2731,238
3177,238
3349,238
3860,238
5662,238
5853,238
5997,238
4354,240
2132,240
4351,240
4352,240
4381,240
5248,240
1919,241
3575,241
1848,242
2194,242
2793,242
4204,242
4659,242
3683,243
4684,243
1806,244
2101,244
4872,245
5804,245
2090,246
3457,246
2062,247
3457,247
3544,248
2050,249
1863,250
3569,250
4002,250
1838,251
4126,251
5839,251
3063,252
5634,252
1806,253
3043,253
3741,253
4555,253
5421,253
1895,254
2029,254
3572,254
3778,254
1896,255
4242,255
5531,255
2267,256
2268,256
3113,256
3104,257
4879,257
5195,257
5257,257
3478,258
5083,258
1894,259
5906,259
1915,259
1916,259
3573,259
3850,259
3956,259
4095,259
5624,259
5625,259
1945,260
1953,260
2030,260
2287,260
2337,260
1957,260
5880,261
3901,261
6098,261
1974,261
2019,261
2097,261
2670,261
3705,261
3749,261
5108,261
2034,262
2223,262
1821,263
1887,263
1928,263
3110,263
3368,263
3632,263
4344,263
5456,263
5836,263
5843,263
5185,264
2025,264
5043,264
5188,264
5997,264
4451,265
1824,265
1852,265
1929,265
2009,265
2015,265
2065,265
2205,265
2663,265
4544,265
1995,266
2506,266
4004,266
4860,266
1956,267
5371,269
1980,269
2015,269
2024,269
2080,269
2505,269
2506,269
2044,270
3577,270
4575,271
4641,271
2004,272
2475,272
2765,272
4320,272
2205,272
3057,272
4313,272
4345,272
5263,272
4720,273
1950,273
5658,273
1820,274
2851,274
2852,274
2853,274
4506,274
4825,274
5436,274
5437,274
5438,274
5467,274
5641,274
1852,275
1973,275
1993,275
2309,275
2553,275
5630,275
1802,276
2013,277
5659,277
1958,278
1877,279
1904,279
2008,279
3277,279
5988,279
2039,280
2546,280
3270,280
4971,280
5861,281
1926,282
3778,282
2085,283
4847,283
2230,284
1960,284
3921,284
3922,284
1909,285
1910,285
1978,285
2023,285
2326,285
2874,285
3020,285
4650,285
5223,285
5534,285
1896,286
2017,287
2513,287
5883,287
2514,287
5708,287
3344,288
1820,288
3343,288
3515,288
5436,288
2128,289
2669,289
4849,289
2908,290
3059,290
3083,290
3511,290
1943,291
1950,291
3083,291
4013,291
5657,291
5658,291
3735,292
2347,293
3848,293
3550,294
1859,294
1888,295
4430,295
1888,296
5443,296
5653,296
3207,297
1808,297
2219,297
2089,298
4646,300
2500,301
2139,301
2422,301
2544,301
2569,301
2578,301
2695,301
2732,301
3284,301
3646,301
3846,301
4278,301
4837,301
4909,301
4910,301
4911,301
4912,301
5870,301
5871,301
2324,302
2461,302
2565,302
2566,302
2567,302
2568,302
2569,302
2570,302
3351,302
4168,302
4169,302
4440,302
4586,302
4713,302
5010,302
5011,302
6097,302
4615,303
2320,303
2321,303
2322,303
2323,303
2324,303
3016,303
3017,303
3160,303
3807,303
4644,303
4645,303
4976,303
2203,304
3628,304
3638,304
3939,304
4402,304
5017,304
5769,304
5039,305
5221,305
2182,305
3231,305
3366,305
3425,305
3543,305
3621,305
3688,305
3952,305
4070,305
4191,305
4211,305
4312,305
4383,305
4422,305
4443,305
4503,305
4539,305
5027,305
5423,305
5897,305
6061,305
6088,306
2171,306
2647,306
6085,306
2333,306
2646,306
2648,306
2859,306
3130,306
3446,306
3447,306
3448,306
3449,306
3450,306
3451,306
3614,306
4267,306
5157,306
5158,306
5159,306
6086,306
6087,306
6089,306
5387,307
2142,307
2204,307
2488,307
2802,307
2803,307
2804,307
2805,307
2806,307
2807,307
2808,307
2809,307
2810,307
3007,307
3036,307
3168,307
3631,307
3632,307
3633,307
4464,307
4465,307
4466,307
4467,307
4748,307
5189,307
5326,307
5382,307
5383,307
5384,307
5385,307
5386,307
5388,307
5934,307
4079,308
4990,308
2461,308
2462,308
2727,308
3236,308
4875,308
5243,308
2171,309
4894,309
5941,309
2262,309
2417,309
2458,309
2692,309
2775,309
2895,309
3163,309
3261,309
3304,309
3449,309
3498,309
3748,309
3788,309
3939,309
4159,309
4625,309
4724,309
5818,309
2110,310
2138,310
2139,310
2492,310
2653,310
2733,310
2734,310
2735,310
2736,310
2737,310
2738,310
2739,310
2955,310
3325,310
3386,310
3523,310
3681,310
4152,310
4212,310
4366,310
4367,310
4368,310
4369,310
4405,310
4476,310
4543,310
4637,310
4820,310
5118,310
5226,310
5274,310
5275,310
5343,310
6093,311
2306,311
2307,311
2308,311
2564,311
2721,311
2987,311
2988,311
2989,311
2990,311
3786,311
4618,311
4816,311
3863,312
2098,312
2208,312
2317,312
2521,312
2662,312
2903,312
3634,312
3635,312
3636,312
4075,312
4192,312
4469,312
4470,312
4842,312
4845,312
4861,312
4913,312
4998,312
5389,312
5390,312
5983,312
2106,313
2105,313
2121,313
2343,313
2425,313
3166,313
3753,313
3947,313
4790,313
4791,313
4792,313
5095,313
5735,313
4331,314
2175,314
2773,314
2774,314
2775,314
2776,314
3312,314
3359,314
4431,314
4432,314
4433,314
4434,314
4435,314
5343,314
5344,314
5345,314
5685,314
5748,314
5780,314
6043,314
2125,315
4006,315
2559,315
2789,315
2830,315
2891,315
3002,315
3145,315
3419,315
3686,315
4073,315
4589,315
4651,315
4788,315
4884,315
5244,315
5363,315
5364,315
5365,315
5532,315
6009,315
6057,315
2160,316
2558,316
4630,316
5540,316
2127,316
2411,316
2683,316
2715,316
2716,316
2790,316
3085,316
3297,316
3423,316
3890,316
4127,316
4340,316
5234,316
5847,316
6091,316
2393,317
2394,317
3116,317
3117,317
3739,317
3918,317
5031,317
6073,318
2641,318
2642,318
3429,318
3430,318
3431,318
3432,318
3433,318
3451,318
4249,318
4250,318
4364,318
4912,318
5133,318
5134,318
5135,318
5136,318
5137,318
5445,318
5645,318
6074,318
6075,318
6093,319
2177,319
2308,319
2342,319
2672,319
2748,319
2887,319
2905,319
3036,319
3037,319
3038,319
3039,319
3394,319
4115,319
4128,319
4271,319
4425,319
4769,319
5048,319
5087,319
5121,319
5138,319
5609,319
5610,319
5911,320
2212,320
2242,320
2315,320
2527,320
2533,320
2534,320
2535,320
2539,320
2635,320
2664,320
3004,320
3089,320
3170,320
3555,320
3583,320
3626,320
3943,320
4115,320
4255,320
4708,320
4961,320
4962,320
4975,320
5192,320
5489,320
5908,320
5909,320
5910,320
5985,320
6068,320
2113,321
2174,321
2578,322
2599,322
3356,322
5017,322
5968,322
5112,323
2629,323
2630,323
3410,323
3411,323
3412,323
5113,323
5307,323
6054,323
6055,323
6056,323
3198,324
3202,324
3212,324
5795,324
2438,324
2439,324
2440,324
2441,324
2968,324
3117,324
3146,324
3199,324
3200,324
3201,324
3211,324
3309,324
3391,324
3524,324
3695,324
3826,324
3972,324
3973,324
4682,324
4831,324
5097,324
5700,324
5775,324
5805,324
6022,324
3418,325
4956,325
2273,325
2793,325
2936,325
3459,325
4980,325
5503,325
2118,326
5966,326
2596,326
5015,326
2239,326
2357,326
2576,326
2577,326
2602,326
3189,326
3257,326
3354,326
3355,326
3432,326
3434,326
3591,326
4870,326
5014,326
5016,326
5311,326
5644,326
5814,326
5967,326
3926,327
5611,327
2378,327
2791,327
3040,327
3091,327
3199,327
3252,327
3341,327
3782,327
3787,327
3833,327
4240,327
4375,327
4567,327
4783,327
4834,327
4892,327
5038,327
5186,327
5333,327
5360,327
5692,327
5719,327
5720,327
2463,328
6031,329
2097,329
2196,329
2279,329
2444,329
2530,329
2600,329
2615,329
2654,329
2716,329
2723,329
2724,329
2725,329
2739,329
3190,329
3236,329
3389,329
3513,329
4139,329
4357,329
4358,329
4360,329
4627,329
4685,329
4903,329
5254,329
5255,329
5256,329
5257,329
5258,329
5300,329
5306,329
5507,329
5796,329
2230,330
2849,330
2099,330
2231,330
2872,330
2232,330
2233,330
2234,330
2235,330
2236,330
2237,330
2868,330
2869,330
2870,330
2871,330
3679,330
3823,330
4515,330
4516,330
4517,330
4518,330
5176,330
5442,330
5443,330
5444,330
5445,330
2564,331
3385,331
2765,332
2443,332
3557,332
3975,332
4578,332
4832,332
5338,332
2092,333
2418,333
2445,333
2534,333
2845,333
3131,333
3132,333
3491,333
3933,333
4038,333
4770,333
4771,333
4818,333
5213,333
5517,333
5709,333
4775,334
2095,334
2411,334
2412,334
2413,334
2414,334
2415,334
2416,334
2493,334
3139,334
3140,334
3141,334
4599,334
4746,334
4774,334
5720,334
5721,334
3487,336
2658,336
2753,336
2866,336
2996,336
3010,336
3098,336
3172,336
3213,336
3409,336
3439,336
3486,336
3704,336
3919,336
3970,336
4154,336
4177,336
4356,336
4929,336
4995,336
2648,337
3039,337
3366,337
5032,337
2193,338
4320,338
2192,338
2340,338
2442,338
3684,338
3979,338
4153,338
4235,338
4785,338
4928,338
4929,338
4930,338
5285,338
5879,338
2156,339
2585,339
2813,339
3217,339
3359,339
3363,339
3680,339
4460,339
4944,339
5505,339
5979,339
5980,339
2210,340
4948,340
4949,340
4950,340
5009,340
5150,340
5640,340
5704,340
3031,341
2186,341
2341,341
2488,341
3080,341
3194,341
3259,341
3685,341
3714,341
3789,341
3924,341
4562,341
4683,341
4877,341
4993,341
5351,341
5542,341
5584,341
5633,341
5754,341
5835,341
5852,341
6059,341
6069,341
2518,342
2519,342
2523,342
2619,342
2914,342
3311,342
3312,342
3313,342
3314,342
3315,342
4102,342
4103,342
4108,342
4943,342
4944,342
4951,342
5088,342
5788,342
5039,343
2350,343
2453,343
3042,343
3192,343
3373,343
3836,343
3837,343
3937,343
4310,343
4323,343
4488,343
4666,343
5146,343
5518,343
2273,344
3728,344
4572,344
2646,345
3751,346
2130,346
2277,346
2861,346
2941,346
2942,346
2943,346
3388,346
3749,346
3750,346
4583,346
4584,346
4585,346
4586,346
5524,346
3047,347
2257,347
2726,347
2903,347
2904,347
2905,347
2906,347
2972,347
3046,347
3105,347
3216,347
3456,347
3659,347
3711,347
3742,347
4269,347
4542,347
4543,347
5487,347
5509,347
5733,347
3881,348
2468,348
2469,348
3239,348
3613,348
4022,348
4023,348
4024,348
4884,348
4885,348
4886,348
5811,348
5812,348
5813,348
5814,348
2540,349
2195,349
2519,349
2537,349
2538,349
2539,349
3256,349
3322,349
3323,349
3525,349
4062,349
4267,349
4563,349
4658,349
4693,349
4965,349
4966,349
5915,349
5916,349
2769,350
5211,350
2111,350
2448,350
2698,350
2699,350
2700,350
2701,350
2702,350
2703,350
2768,350
2802,350
3491,350
3492,350
2173,351
2660,351
2857,351
3599,351
4070,351
4071,351
4340,351
4979,351
5110,351
5365,351
5426,351
6072,351
2289,352
2466,352
2502,352
2741,352
3087,352
3235,352
3420,352
3617,352
3746,352
4357,352
4483,352
4487,352
4500,352
4537,352
4656,352
4717,352
4761,352
4815,352
2163,353
2250,353
2899,353
3697,353
3698,353
5476,353
5477,353
5478,353
5479,353
5480,353
5481,353
5482,353
5932,353
2392,354
4037,354
2288,354
2391,354
2483,354
2484,354
3255,354
3256,354
4521,354
4679,354
4899,354
5229,354
5265,354
5583,354
5824,354
5825,354
5826,354
5827,354
5828,354
5829,354
2598,355
2599,355
4199,355
4200,355
4348,355
4504,355
4740,355
5048,355
5049,355
5050,355
5051,355
6001,355
6002,355
2168,356
2436,356
2524,356
2852,356
3191,356
4676,356
4951,356
5891,356
5901,356
6032,356
2470,357
2471,357
2472,357
3240,357
3241,357
4025,357
4026,357
4760,357
4887,357
4888,357
4889,357
5816,357
5817,357
2467,358
2709,358
3038,358
3489,358
3777,358
3858,358
4077,358
4172,358
4226,358
4742,358
5177,359
2176,359
2251,359
2267,359
2724,359
2748,359
2794,359
3543,359
4102,359
4388,359
4389,359
4390,359
4814,359
5052,359
5299,359
5300,359
5312,359
5798,359
5981,359
2304,360
2426,360
2447,360
3184,360
3229,360
3750,360
3845,360
4044,360
4793,360
5292,360
5734,360
5737,360
5890,360
2562,361
5674,361
2235,361
2386,361
2387,361
2388,361
2389,361
2452,361
2907,361
3906,361
3907,361
3908,361
3909,361
4739,361
4740,361
5673,361
5675,361
5676,361
2373,362
2504,362
2696,362
2919,362
3214,362
3242,362
3438,362
4249,362
4650,362
4890,362
5594,362
5964,362
2224,363
5763,363
2272,363
2435,363
4567,363
4568,363
4655,363
5511,363
5619,363
2861,364
4511,364
4512,364
5206,364
5440,364
2110,365
2218,365
2694,365
2695,365
3440,365
4309,365
5206,365
5207,365
5208,365
5576,366
2162,366
2201,366
2214,366
2421,366
2430,366
2451,366
3232,366
3998,366
3999,366
4078,366
4852,366
5161,366
5317,366
5804,366
6058,366
2562,367
2094,367
2095,367
2386,367
2494,367
2665,367
2666,367
2673,367
2711,367
3465,367
4280,367
5120,367
5171,367
5442,367
2102,368
2103,368
2423,368
2495,368
2680,368
2681,368
2682,368
3375,368
3724,368
4290,368
4291,368
4558,368
5182,368
5183,368
5476,368
5824,368
2225,369
2717,369
3150,369
4893,369
2302,370
2968,370
2972,370
2973,370
2974,370
3263,370
3452,370
3776,370
3777,370
3990,371
2297,371
2372,371
2449,371
2846,371
3227,371
3528,371
4787,371
4844,371
4947,371
6017,371
2300,372
2362,372
3081,372
3082,372
3242,372
4107,372
4707,372
4852,372
5602,372
2165,373
2427,373
2979,373
3040,373
3232,373
3509,373
3699,373
4238,373
4246,373
4716,373
4780,373
5252,373
5492,373
5971,373
6094,373
3667,374
2220,374
2221,374
2222,374
2223,374
2844,374
2845,374
2846,374
3131,374
4496,374
4696,374
5424,374
5623,374
2872,375
3379,375
2216,375
3162,375
3752,375
3954,375
4171,375
4995,375
5111,375
2298,376
2296,376
2297,376
2299,376
2628,376
2969,376
2970,376
3360,376
4596,376
4608,376
4609,376
4668,376
5541,376
2109,377
2692,377
2693,377
2707,377
4068,377
4303,377
5202,377
5203,377
2787,378
2477,378
3210,378
3287,378
3367,378
3400,378
4491,378
4794,378
5021,378
2276,379
5755,379
2275,379
2934,379
3179,379
3377,379
3811,379
4041,379
4519,379
4522,379
2136,380
2444,380
2740,380
3208,380
3977,380
5368,380
5750,380
5777,380
6052,381
2575,381
2628,381
2954,381
3405,381
3406,381
5107,381
3926,382
2398,382
3018,382
2547,383
2556,383
3728,383
4337,383
4976,383
6011,383
2196,384
2380,384
2408,384
2797,384
3382,384
5234,384
5373,384
5577,384
5841,384
2207,385
2206,385
2384,385
2459,385
4310,385
4311,385
4312,385
5010,385
5209,385
5217,385
2593,386
2327,386
3021,386
3023,386
3246,386
3706,386
3808,386
4032,386
4652,386
4878,386
5597,386
5433,387
2319,387
3015,387
3484,387
3891,387
4978,387
5381,387
5595,387
5850,387
5327,388
2236,388
2455,388
4843,388
5461,388
5796,388
2550,389
3342,389
4147,389
4148,389
4149,389
4991,389
5703,389
5935,389
4811,390
2256,390
4725,390
4810,390
5627,390
5972,390
2203,391
2704,391
2118,392
2596,392
2577,392
3234,392
4008,392
4864,392
5470,393
5858,393
5859,393
2492,394
2493,394
3274,394
3275,394
3276,394
4907,394
4081,395
2096,395
2259,395
2260,395
2270,395
2334,395
2356,395
2549,395
2720,395
2993,395
3239,395
3540,395
3799,395
3948,395
4556,395
4672,395
2405,396
2552,396
3334,396
4228,396
4263,396
4981,396
5710,396
2585,397
2231,398
2287,398
4055,398
2286,398
2288,398
2961,398
2962,398
2963,398
2964,398
2965,398
3271,398
3769,398
3770,398
4367,398
4603,398
5816,398
3120,399
4058,399
5717,400
2410,400
2718,400
3137,400
3392,400
3731,400
3853,400
5379,400
5620,400
5716,400
5782,400
5823,400
3819,401
2230,402
2560,402
2869,402
2876,402
2877,402
4270,402
4519,402
4520,402
2626,403
2645,403
3076,403
3144,403
3145,403
3146,403
3596,403
3938,403
4777,403
2129,404
2243,404
2883,404
2884,404
2885,404
2886,404
3019,404
3032,404
5135,404
5460,404
5849,404
6082,404
5706,405
5707,405
2402,405
3932,405
4768,405
4769,405
5705,405
5708,405
5149,406
5724,406
2172,407
2770,407
2771,407
4426,407
4444,407
4605,407
4677,407
5003,407
4138,408
4205,408
4206,408
2606,408
3078,408
3330,408
3383,408
4207,408
4208,408
4540,408
5057,408
6012,408
2218,409
2838,409
2839,409
3333,409
3664,409
3665,409
4492,409
5418,409
3222,410
2446,410
2447,410
3219,410
3220,410
3221,410
3983,410
3984,410
3985,410
4085,410
4482,410
4561,410
4838,410
4839,410
4840,410
5541,410
5651,410
5781,410
5782,410
5783,410
6088,411
5387,411
2597,411
2809,411
4989,411
5304,411
5622,411
2528,412
2653,412
2654,412
2827,412
3456,412
5165,412
5283,412
2099,413
2611,413
5177,413
2098,413
2672,413
2997,413
3472,413
4370,413
5133,413
5176,413
5178,413
5309,413
2964,414
3124,414
3278,414
5011,414
5601,414
5862,414
5863,414
5864,414
2586,415
2587,415
4176,415
5975,415
2655,416
2959,416
2970,416
2985,416
3662,416
3784,416
4617,416
4643,416
5556,416
5557,416
2128,417
2173,417
2360,417
2772,417
2953,417
3584,417
3585,417
3586,417
4428,417
5341,417
2350,418
2351,418
2963,418
3517,418
3849,418
4678,418
4679,418
4997,418
5623,418
6075,418
2276,419
2158,419
2934,419
5162,419
5570,419
5802,419
5803,419
2227,420
2376,420
2632,420
2670,420
2728,420
2745,420
4442,420
4801,420
5760,420
3832,421
2339,421
3034,421
3797,421
4479,421
4905,421
5272,421
6007,421
3198,422
2246,422
2438,422
3770,422
2111,423
3305,423
3467,423
4833,423
4889,423
5075,423
5116,423
2140,424
2217,424
2812,424
2836,424
2837,424
3663,424
3723,424
4406,424
4557,424
4972,424
5415,424
5591,424
2120,425
2357,425
2743,425
3062,425
4201,425
5233,425
2605,426
4363,426
2263,427
2617,427
2618,427
2619,427
2667,427
3896,427
4588,427
5001,427
6036,427
6037,427
2109,428
2359,429
2732,429
3522,429
4365,429
3609,430
2489,430
2554,430
2588,430
2618,430
3515,430
3879,430
3904,430
4108,430
5372,430
5790,430
2281,431
2788,431
4353,431
5249,431
5250,431
5759,431
2377,432
3930,432
3931,432
4593,432
2666,433
2832,433
4261,433
4262,433
4287,433
4933,433
5151,433
5418,433
5773,433
6081,433
2244,434
2245,434
2889,434
2890,434
3266,434
3813,434
4532,434
5464,434
2429,435
2516,435
2639,435
2640,435
3428,435
4865,435
5131,435
2401,436
2400,436
3929,436
2459,437
2460,437
4014,437
4510,437
4869,437
4870,437
4871,437
3338,438
4033,438
4129,438
4435,438
4977,438
5677,438
5923,438
5924,438
4932,439
2260,439
2908,439
2909,439
3713,439
5826,439
5611,440
2589,440
5396,440
5891,440
2458,441
3265,442
3266,442
3267,442
3268,442
4051,442
4052,442
4904,442
5842,442
2129,443
2130,443
3505,443
3506,443
5236,443
5237,443
5123,444
5371,444
5543,444
5707,444
5765,444
2151,444
2300,444
2301,444
2580,444
2971,444
3747,444
3775,444
4091,444
4554,444
4770,444
4896,444
5544,444
5545,444
5770,444
2258,445
2259,445
3712,445
5490,445
2275,446
2915,446
4533,446
4552,446
5245,446
2466,447
3442,447
4456,447
4961,447
4968,447
2263,448
2676,448
3464,448
3717,448
4065,448
2114,449
2375,449
3454,449
2582,450
3222,450
5628,450
2194,450
2436,450
2580,450
2581,450
3055,450
4193,450
5971,450
5972,450
2343,451
2344,451
2690,451
4667,451
2349,452
2348,452
2677,452
3054,452
4898,452
5622,452
2285,453
2478,453
3761,453
3762,453
4150,453
5534,453
2270,454
3721,454
3722,454
3773,455
4841,455
2238,456
2239,456
2880,456
3209,456
5457,456
6005,456
2311,458
2312,458
2997,458
4628,458
5924,458
3765,459
4443,459
5351,459
5352,459
3418,460
2602,460
3381,460
3417,460
5159,460
5909,460
5967,460
6078,460
2398,461
3120,461
2101,462
4214,462
4489,462
5138,462
5139,462
5154,462
5225,462
5568,462
5573,462
5905,462
6004,462
3589,463
3590,463
4437,463
4853,463
2474,464
2475,464
5540,464
2295,464
2473,464
3903,464
2915,465
3855,465
5305,465
5306,465
5307,465
5403,465
4671,466
4672,466
5899,466
3041,467
3183,467
3197,467
4399,467
2582,468
4630,468
2330,468
2581,468
2920,468
3017,468
3032,468
3382,468
3827,468
5994,468
6010,468
2225,469
2226,469
5425,469
4170,470
2572,470
2392,471
2391,471
3114,471
3115,471
2322,472
2900,472
3022,472
3884,472
2119,473
2199,473
2253,473
5256,473
5329,474
2159,474
2836,474
3358,474
5020,474
5538,474
5807,475
2465,475
3347,475
4151,475
2980,476
3741,476
4223,476
5521,476
5980,476
2553,477
2554,477
2555,477
4153,477
5125,477
5940,477
5946,477
6024,477
2257,478
3216,478
3217,478
3218,478
3993,478
5780,478
5585,479
2100,479
2557,479
4996,479
5490,479
5731,479
3775,480
5764,480
2442,481
3069,481
3203,481
3839,481
3848,481
3974,481
5019,481
5776,481
5664,482
2380,482
2381,482
2665,482
3101,482
3897,482
4727,482
2202,483
5874,483
2481,484
2480,484
3254,484
4036,484
4336,484
4898,484
5066,484
5034,485
5989,485
2355,485
2591,485
3370,485
3371,485
3587,485
5987,485
5988,485
5990,485
4349,486
5247,486
5428,486
5005,487
2313,487
2099,488
3202,488
5056,488
5357,488
2293,488
4923,488
2540,489
2584,489
4546,489
2094,490
3830,490
3893,490
3907,490
2281,491
3755,491
4028,491
4592,491
5171,491
2289,492
3799,492
6074,492
5077,493
5078,493
6025,493
2135,495
2136,495
2728,495
4363,495
5266,495
2584,496
2583,496
3357,496
3361,497
3841,497
3902,497
4152,497
4289,497
4974,497
5783,497
5938,497
2185,498
2184,498
3251,498
3671,498
3182,499
2603,499
3962,499
2684,500
3482,500
4293,500
5192,500
5193,500
2131,501
4348,501
4607,502
5538,502
4744,503
2309,503
2909,503
3109,503
3792,503
4283,503
4623,503
5565,503
3016,504
4158,504
4643,504
6107,505
2660,505
3762,505
5724,505
2240,506
2617,506
4322,506
4526,506
4560,506
6055,506
3769,507
4511,507
5148,507
5207,507
2536,508
2467,509
4883,509
5810,509
2385,510
2604,510
4697,510
2590,511
5015,512
2501,512
4072,512
5718,513
2402,515
2397,516
2502,516
3285,516
3768,516
4502,516
4921,516
5352,516
3322,517
3653,517
3609,518
2265,518
2266,518
3262,518
4553,518
4686,518
5366,518
5508,518
2195,519
2794,519
2795,519
2796,519
4017,519
5254,519
5372,519
2284,520
5591,520
2215,521
3889,521
6069,521
2262,522
3716,522
5495,522
2151,524
2152,524
3549,524
3929,524
2340,525
3726,525
4448,525
4662,525
4663,525
5608,525
5799,525
2258,526
3029,526
5355,526
2278,527
5389,527
2550,528
2563,529
2453,529
4005,529
3751,530
2277,530
3195,530
3922,530
5535,530
3058,531
2353,531
2354,531
2355,531
3057,531
5630,531
2108,532
6003,532
2107,532
4497,532
4687,532
5201,532
5688,532
2153,533
2154,533
2434,533
3551,533
5437,533
2491,534
4684,534
2284,535
3759,535
4599,535
5181,535
2326,536
3974,536
5539,536
5608,536
5819,536
5551,537
2579,538
5969,538
5970,538
2193,539
4190,539
2237,539
2264,539
2529,539
5047,539
5526,539
6000,539
2515,540
3494,540
2345,541
2967,541
3340,541
3994,541
4275,543
3114,544
5210,544
2103,545
2737,546
3230,546
3994,546
4850,546
2153,547
2649,547
3602,547
3786,547
4396,547
4448,547
5454,547
2269,550
3360,550
5976,550
2378,551
2356,552
3059,552
5631,552
3989,553
4021,553
4056,553
4730,553
3774,554
5332,554
5542,554
3592,555
3604,555
5806,555
2517,556
4097,556
3028,557
2545,557
5123,558
2406,558
3935,558
2639,559
3915,559
2334,561
5603,561
5604,561
2191,563
4762,564
2512,565
2607,567
2384,569
4570,570
2382,571
2383,571
2137,572
2190,573
3608,573
2609,574
4768,574
2150,576
2149,576
2820,576
6096,576
2395,577
2379,578
2450,579
3993,579
2328,580
2496,580
2505,580
2508,580
2608,580
2631,580
4021,580
4345,580
4346,580
4347,580
2482,581
4081,582
2549,582
2138,583
2385,584
2346,585
3049,585
5615,585
5911,586
5910,586
4501,587
2409,587
4732,587
5615,587
5844,587
2571,588
3856,588
4421,589
2390,590
5499,590
4962,591
5815,591
5835,591
2232,592
2403,594
4772,594
2335,597
2514,598
2332,599
2290,600
2858,601
3426,601
3625,601
4243,601
4245,601
4738,601
6070,601
2668,602
3424,603
3154,603
2871,603
3074,603
3075,603
3097,603
3153,603
3793,603
4164,603
4536,603
5641,603
5642,603
5643,603
5644,603
5645,603
5777,603
3356,604
3552,604
3554,604
4302,604
4398,604
4399,604
4400,604
4790,604
5032,604
5312,604
5313,604
5314,604
5315,604
5316,604
5870,604
5949,605
2855,605
3331,605
3332,605
4125,605
4709,605
4722,605
4885,605
4969,605
2959,606
2960,606
3740,606
4601,606
5202,606
5533,606
2704,607
4542,607
3067,608
3068,608
3069,608
3070,608
3071,608
3274,608
3865,608
3866,608
4184,608
5560,608
5637,608
2685,609
3483,609
4297,609
5194,609
4721,610
4856,610
2722,610
3185,610
3502,610
3512,610
3911,610
4165,610
4356,610
5069,610
5153,610
5252,610
5466,610
4458,611
5736,611
3419,611
3420,611
3421,611
3422,611
3663,611
4101,611
4146,611
4237,611
4470,611
4574,611
4653,611
5118,611
5119,611
5205,611
2769,612
2917,612
2768,612
2879,612
3093,612
3196,612
3307,612
3579,612
3784,612
4030,612
4424,612
4425,612
4432,612
4603,612
5950,612
2893,613
3088,613
3089,613
3890,613
3891,613
4169,613
4715,613
5064,613
5100,613
5660,613
5661,613
5662,613
2917,614
2694,614
3286,614
4109,614
4551,614
4616,614
5147,614
5501,614
5631,614
5694,614
5757,614
3207,615
4775,615
3138,615
3205,615
3206,615
3161,616
3162,616
3323,616
3387,616
3431,616
3582,616
2736,617
2956,617
3041,617
3180,617
3612,617
3835,617
4395,617
4459,617
4665,617
4777,617
3820,618
3821,618
2930,618
3115,618
3738,618
4168,618
5756,618
2872,619
3379,619
3991,619
4206,619
5404,619
5996,619
2738,619
2797,619
2924,619
3157,619
3346,619
3380,619
4457,619
5305,619
5713,619
5746,619
5926,619
2975,620
2976,620
3037,620
3720,620
3779,620
3843,620
4477,620
4610,620
4611,620
4897,620
4931,620
5501,620
5549,620
3355,621
3700,621
4171,621
5096,621
5648,621
2856,622
2857,622
2858,622
2859,622
3676,622
2992,623
3965,623
3966,623
4816,623
4817,623
4818,623
6093,624
3452,624
3453,624
4270,624
4271,624
4272,624
4273,624
5160,624
5161,624
5162,624
5163,624
6091,624
6092,624
6094,624
3161,625
3166,625
5871,625
2811,626
2812,626
2813,626
2814,626
3638,626
3639,626
4103,626
4914,626
5394,626
5395,626
5396,626
2955,627
2956,627
2957,627
2958,627
4597,627
4598,627
4973,627
5282,627
5310,627
5450,627
2887,628
3497,628
4084,628
4613,628
5136,628
5462,628
5586,628
5927,628
6056,628
2867,629
3443,629
3444,629
4046,629
4265,629
4266,629
5152,629
5153,629
5154,629
5854,629
3078,630
3188,630
4699,630
5566,630
3764,631
2977,631
3308,631
3444,631
3722,631
3763,631
3865,631
4577,631
4983,631
5552,631
5553,631
5554,631
6096,631
3224,632
3413,632
3414,632
4236,632
5114,632
5115,632
5116,632
5117,632
6057,632
6058,632
6059,632
6060,632
2783,633
3136,633
3977,633
4604,633
4773,633
4798,633
4808,633
5060,633
5277,633
5714,633
2673,634
2674,634
2675,634
2676,634
2677,634
2678,634
2679,634
2921,634
3144,634
3480,634
3481,634
3581,634
4288,634
4289,634
5181,634
5221,635
3415,635
3416,635
3967,635
5548,635
6061,635
3325,636
3326,636
3327,636
3328,636
4121,636
4122,636
4445,636
4771,636
4968,636
5208,636
3058,637
3181,637
4808,637
5179,638
2951,638
2975,638
3002,638
3003,638
3004,638
4632,638
5574,638
2810,639
2984,639
3011,639
3390,639
3816,639
5074,639
5075,639
5076,639
5237,639
5271,639
2928,640
5516,640
2927,640
2929,640
4576,640
4577,640
3207,641
4775,641
5550,641
3206,641
4906,641
2698,642
2761,642
2778,642
2804,642
4391,642
4405,642
5353,642
2713,643
2888,643
3347,643
3592,643
3690,643
3691,643
4484,643
4530,643
4531,643
4707,643
4828,643
4991,643
5460,643
5463,643
2943,644
2952,644
3125,644
3126,644
3127,644
4761,644
4764,644
5072,644
5693,644
5694,644
5695,644
5696,644
5857,644
2801,645
3310,645
3327,645
3358,645
4106,645
4420,645
4619,645
4753,645
4952,645
5755,646
2957,646
3178,646
3179,646
3180,646
3958,646
3959,646
4807,646
5582,646
4306,647
4636,647
2816,647
3326,647
3399,647
4517,647
4703,647
5955,647
4458,648
4721,648
4737,648
4856,648
5736,648
3171,648
3203,648
3458,648
3512,648
3905,648
4738,648
5275,648
5369,648
5561,648
5671,648
5879,648
5940,648
5984,648
3033,649
3152,649
3829,649
4243,649
4478,649
6048,649
3001,650
3401,650
3677,650
3998,650
5000,650
6025,650
2863,651
2741,651
2897,651
3020,651
3529,651
3678,651
5918,651
5797,652
2981,653
3433,653
3570,654
2891,654
2892,654
3692,654
3693,654
3694,654
4469,654
4533,654
4915,654
5094,654
5259,654
5397,654
2699,655
2904,655
2947,655
3332,655
3443,655
3650,655
3672,655
3738,655
4142,655
3298,656
3381,656
3804,656
3969,656
4633,656
4646,656
4745,656
5666,656
5865,656
2939,657
3070,657
3295,657
3353,657
3988,657
4133,657
6028,657
2687,658
2771,658
3050,658
3051,658
4677,658
4854,658
5077,658
5174,658
5603,658
5620,658
5621,658
2749,659
2750,659
2751,659
3337,659
3545,659
3849,659
4166,659
4391,659
4392,659
4393,659
5301,659
5302,659
5303,659
5304,659
3128,660
3350,660
3872,660
3910,660
5700,660
2777,661
3050,661
3414,661
3587,661
3588,661
4173,661
4362,661
4948,661
5134,661
3392,662
4219,662
4226,662
4622,662
5092,662
5367,662
6040,662
2983,663
2744,663
2982,663
3104,663
3167,663
3500,663
4247,663
4607,663
2860,664
3677,664
2754,665
2839,665
3386,665
3421,665
3682,665
4215,665
4597,665
5330,665
2913,666
3047,666
3046,666
3048,666
4669,666
4670,666
5459,666
5612,666
5613,666
5614,666
6073,667
2674,667
2742,667
2950,667
3403,667
3429,667
4064,667
5280,667
2987,669
2834,670
3079,670
3128,670
3129,670
3130,670
3927,670
3928,670
5702,670
5703,670
2926,671
2931,671
3739,671
4296,671
4711,671
4957,671
5520,671
4960,672
2923,672
2958,672
4172,672
4959,672
5092,672
5592,672
5964,672
3182,673
2679,673
3400,673
3401,673
3402,673
4757,673
5097,673
5098,673
3193,674
3318,674
3968,674
3969,674
3970,674
4823,674
4874,674
5740,674
3440,675
4256,675
4257,675
4258,675
4259,675
4260,675
5147,675
5148,675
5149,675
5150,675
5485,675
5922,675
2767,676
2864,676
2873,676
3655,676
3656,676
3657,676
4220,676
2868,677
3336,677
3499,677
3643,677
4464,677
5233,677
3009,678
3204,678
5049,678
2675,679
2759,679
3186,679
4404,679
5298,679
2785,680
5907,680
2786,680
3296,680
3547,680
4019,680
4020,680
4151,680
4876,680
5294,680
5676,680
5751,680
5806,680
6030,680
2865,681
2944,681
2998,681
2999,681
3277,681
3796,681
3045,682
3043,682
3044,682
4609,682
4668,682
2788,683
3021,683
3126,683
3247,683
3585,683
4034,683
4453,683
4896,683
4897,683
5362,683
5904,683
3183,684
3184,684
3964,684
4814,684
4815,684
5757,684
5758,684
2769,685
3263,685
3264,685
4579,685
4903,685
5841,685
2932,686
2933,686
3742,686
4579,686
4839,686
3334,687
3335,687
4303,687
2947,688
2948,688
2949,688
3110,688
3111,688
3669,688
3766,688
4022,688
4424,688
4928,688
5079,688
5363,688
5401,688
3424,689
2916,689
4550,689
6065,689
2723,690
2740,690
4371,690
5277,690
5278,690
5279,690
5747,690
3194,691
3195,691
3479,691
4551,691
3247,692
3276,692
3393,692
3394,692
3395,692
3396,692
3397,692
3398,692
6041,692
6042,692
3132,693
3441,693
5433,694
2939,694
3015,694
3745,694
4581,694
2766,695
2971,695
4202,695
4756,695
5053,695
5119,695
5487,695
5998,695
6009,695
3056,696
4531,696
4941,696
5107,696
5728,696
5889,696
3033,697
3315,697
3978,697
4009,697
5484,697
2708,698
3103,698
5089,698
5122,698
5325,698
2991,699
2992,699
3787,699
5560,699
5561,699
3403,700
3404,700
5104,700
5105,700
6049,700
6050,700
4956,701
3137,701
3317,701
3318,701
3319,701
4109,701
4953,701
4954,701
4955,701
4957,701
5893,701
5894,701
3535,702
4573,702
5727,702
2925,702
3294,702
3923,702
5361,702
5954,702
5483,703
3088,703
3165,703
4121,703
5637,703
5900,703
3388,704
3389,704
5069,704
5070,704
5071,704
5072,704
6020,704
6021,704
2733,705
2873,705
2874,705
2875,705
5483,706
2965,706
3165,706
3931,706
4326,706
4689,706
2721,707
4329,707
2747,708
4355,708
4385,708
4386,708
4610,708
4727,708
4953,708
4721,709
3096,709
3097,709
3098,709
3077,710
3303,710
3304,710
3305,710
4100,710
5888,710
3324,711
2696,712
2697,712
3081,712
3490,712
4800,712
4851,712
5114,712
6107,713
3237,713
3238,713
4566,713
2840,714
2885,714
2938,714
3718,714
4105,714
4965,714
2988,715
3758,715
3834,715
3946,715
3225,716
3226,716
5785,716
5786,716
5787,716
5788,716
3260,717
3261,717
4378,717
4901,717
3436,718
3437,718
3438,718
3439,718
4255,718
5145,718
5146,718
6079,718
4956,719
5763,719
5784,719
2824,719
2961,719
3027,719
3219,719
3317,719
3339,719
3873,719
4618,719
5498,719
5895,719
4615,720
2979,720
3780,720
3782,720
4613,720
3053,721
3052,721
2689,722
2882,723
3434,723
5140,723
5141,723
5142,723
5143,723
5228,724
2714,724
2978,724
3060,725
3767,725
4682,725
3294,726
3295,726
3365,727
3936,727
4122,727
4834,727
5695,727
3298,728
2879,729
4523,729
5454,729
2886,730
3253,730
3578,730
4779,730
5130,730
5444,730
4050,731
4902,731
5199,731
3062,733
3454,733
3455,733
4339,733
4379,733
4826,733
6097,733
5665,734
3202,735
2989,735
3014,735
3201,735
3215,735
3245,735
4592,735
4490,736
2835,736
3387,736
5117,736
6053,736
2990,737
3361,737
4177,737
3290,738
3418,739
3384,739
3417,739
3490,739
5016,739
2779,740
2782,740
3094,740
3519,740
4203,740
5477,740
2817,741
3376,741
4473,741
4955,741
5399,741
5400,741
3424,742
6098,742
3075,742
3320,743
3374,743
4114,743
4368,743
5877,743
3045,744
5784,744
2742,744
2940,744
3044,744
3223,744
3852,744
4141,744
3204,745
3425,745
5126,745
5127,745
5128,745
6103,745
3495,746
2842,746
2980,746
2981,746
3781,746
4254,746
4614,746
5576,747
3005,747
4629,747
4633,747
2902,748
3118,748
4817,748
5680,748
2883,749
2994,749
3805,749
2833,750
3079,750
4268,750
5653,750
5654,750
5655,750
6101,750
3106,751
3107,751
5335,751
3155,752
4778,752
4779,752
2667,753
3466,753
4282,753
2815,754
3428,754
4063,754
4286,754
4916,754
2900,755
3279,755
3953,755
4664,755
4873,755
5037,755
5058,755
3233,756
4855,756
5792,756
2922,757
4307,757
2937,758
2938,758
3095,758
3205,758
3744,758
2718,759
2719,759
3504,759
4343,759
5235,759
2833,760
2834,760
5412,760
5413,760
5767,760
6099,760
2817,762
3254,762
3785,762
4274,762
4338,762
4911,762
5128,762
5547,762
2949,763
3407,763
5108,763
5232,763
5762,763
6021,763
3163,764
4789,764
2762,765
3113,765
3911,765
4901,765
2945,766
3231,766
5702,766
3408,767
3409,767
4397,767
5109,767
5110,767
5111,767
5710,767
6053,767
2849,768
2848,768
3025,768
3235,768
4136,768
4585,768
2830,769
2831,769
3654,769
3982,769
5663,769
3328,770
3441,770
3442,770
4940,770
6047,770
4868,771
3258,771
4590,771
4963,771
2752,772
2753,772
2754,772
2755,772
4395,772
5309,772
5310,772
5311,772
5580,772
3375,773
3376,773
3377,773
3378,773
4195,773
4196,773
4495,773
5044,773
5045,773
5998,773
2940,774
4582,774
5927,775
5928,775
3170,776
3227,776
3953,776
4295,776
5744,776
5745,776
5746,776
2744,777
2745,777
2746,777
2773,777
3092,777
4276,777
4384,777
5296,777
3283,778
3282,778
4288,778
4919,778
2678,779
2829,779
3280,779
5339,780
2781,780
2798,780
2969,780
3580,780
3913,780
4639,780
2921,781
2922,781
4554,781
5929,781
3329,782
4251,782
4488,782
2962,783
2994,783
4291,783
4620,783
5643,783
3535,784
2710,784
2743,784
3534,784
3536,784
4379,784
4490,785
2835,785
3661,785
4821,785
5679,785
3080,786
2815,788
2892,788
4700,788
4833,788
5399,788
3096,789
4942,789
5320,789
2898,790
3344,791
2703,791
2777,791
3343,791
3345,791
3346,791
4150,791
4285,791
5752,791
5936,791
2953,792
2954,792
3758,792
5531,792
3103,793
3238,793
4342,793
3269,794
3270,794
5843,794
2926,795
3073,795
3735,795
4891,795
3258,796
4043,796
5815,796
2828,797
3503,797
5416,797
5417,797
2826,798
3105,798
4729,798
4730,798
5105,798
5323,798
5668,798
3333,799
4066,799
4128,799
4261,799
4972,799
4973,799
4974,799
4977,799
5203,799
5920,799
3108,800
4034,800
4731,800
4732,800
5669,800
5856,800
3192,801
4217,801
4821,801
5647,801
2950,802
2951,802
2952,802
3754,802
4589,802
3275,803
3664,803
3951,803
3952,803
3341,804
5930,804
5510,805
4263,806
6083,806
3336,807
3337,807
3364,808
3365,808
4183,808
4184,808
4185,808
5028,808
5029,808
5986,808
3118,809
3316,810
4945,810
4737,811
5550,811
3353,811
4513,811
4922,811
5963,811
2764,812
2840,812
3666,812
6041,813
4331,814
4180,814
5423,814
3127,815
3149,815
3737,815
3106,816
3111,816
4741,816
4742,816
5677,816
2993,817
3482,817
3651,817
3933,817
4619,817
4759,817
5264,817
5562,817
2913,818
2914,818
3314,818
5496,818
3404,819
3620,819
3660,819
3279,820
3280,820
5866,820
3068,821
6052,822
3176,822
3708,822
4819,822
5760,822
5761,822
5762,822
5817,822
2729,823
3228,823
3349,823
4410,823
3168,824
3169,824
4797,824
2837,825
3384,825
2760,826
4082,826
4823,826
4931,826
2819,827
3293,827
3167,828
3644,828
4795,828
3026,829
4657,829
5670,829
4624,830
4763,830
5521,830
5566,830
5567,830
5568,830
3142,831
3143,831
4776,831
5722,831
2878,832
4117,832
3022,833
3329,834
3330,834
4325,834
5420,835
2841,835
2842,835
2843,835
5421,835
5422,835
2784,836
3045,836
2918,836
2986,836
3000,836
4294,836
4631,836
4934,836
4935,836
4789,837
4999,837
5628,838
2935,838
2937,838
3055,838
3594,838
3853,838
5627,838
2880,839
2946,839
4942,839
5278,839
5605,839
3229,840
3383,840
4848,840
5303,840
2973,841
3034,841
3726,841
2710,842
4327,842
4328,842
5222,842
5223,842
5224,842
5225,842
2966,843
3501,843
3961,843
4890,843
2862,844
4360,844
5261,844
3539,845
4086,845
5931,845
3435,846
4254,846
2878,847
5453,847
2974,848
5053,848
3248,849
3249,849
3250,849
5822,849
2929,850
3901,851
3340,851
3772,851
3900,851
2668,852
3292,852
5080,852
5989,853
3370,853
4935,853
5884,853
2821,854
3504,854
4284,854
5288,854
3395,855
4746,855
5959,855
4416,856
5179,856
2691,856
3003,856
4621,856
5236,856
5336,856
5613,856
5738,856
4594,857
3281,858
4970,858
3061,859
3249,860
3296,860
5878,860
2851,861
3135,861
4692,861
4693,861
5977,861
3896,862
4726,862
5711,862
4196,863
4237,863
4754,863
2720,864
2991,864
3948,864
4344,864
3027,865
4660,865
5216,865
5479,865
3154,866
5846,866
2828,867
4482,867
3926,868
3745,868
5698,868
2844,869
4324,871
3061,871
3878,872
2977,872
3102,872
3357,872
5270,872
5328,872
5671,872
5834,872
2894,873
3134,873
2705,874
2706,874
2749,874
2889,874
3405,874
5697,875
3369,877
3493,877
4104,877
4966,877
5378,878
3066,878
5302,878
3134,880
4251,880
5144,880
6078,880
2787,881
3367,881
3368,881
3369,881
4186,881
3100,882
3285,882
3895,882
2671,885
4178,886
3899,887
4868,888
2729,889
4720,890
2795,890
3024,890
2730,891
3006,892
3006,893
3147,894
3112,895
2730,896
2731,896
2896,897
5034,898
3371,898
3109,899
3316,900
3647,901
4231,901
4232,901
4233,901
4234,901
4273,901
5100,901
5101,901
5102,901
5103,901
6048,901
4079,902
4075,902
4076,902
4077,902
4078,902
4080,902
4926,902
4927,902
5875,902
5876,902
5877,902
3506,903
4035,904
4216,904
4217,904
4218,904
4219,904
6026,904
6027,904
6028,904
6029,904
6106,904
4229,905
4230,905
6044,905
6045,905
6046,905
3545,906
4041,906
4042,906
4090,906
4272,906
5739,907
4230,907
4239,907
4473,907
5120,907
5121,907
6042,907
6062,907
3654,908
3694,908
4200,908
5723,909
3740,910
3835,910
4578,910
3937,911
5719,911
5729,911
6046,911
3949,912
3996,912
5047,912
3468,913
3717,913
3886,913
3894,913
3976,913
4218,913
4319,913
4784,913
4862,913
4068,914
4069,914
3976,915
3905,916
4125,916
4238,916
4930,916
5200,916
5801,916
5986,916
4229,917
4138,918
4985,918
4145,919
4990,919
3761,919
3791,919
4144,919
6083,919
4055,920
5327,920
3634,920
3689,920
3923,920
5461,920
4145,921
4990,921
4144,921
4146,921
5362,921
5595,921
5934,921
3919,922
5681,922
3834,923
3496,924
3732,924
4009,924
4210,924
3461,925
4087,926
4173,926
4174,926
4175,926
4186,927
4626,927
4627,927
3844,928
3845,928
3846,928
3897,928
4089,928
3681,929
3682,929
3733,929
3776,929
5450,929
4044,930
4045,930
4046,930
5836,930
3560,931
3640,931
4048,931
5346,931
4463,932
5869,932
4064,932
4065,932
4066,932
4864,932
3597,933
3588,934
4092,934
4162,934
4423,934
5316,934
3635,935
3692,935
3744,935
3854,935
4160,935
4142,936
4143,936
4987,936
4988,936
3468,937
3566,937
4067,937
4275,937
3680,938
4025,938
5447,938
3559,939
3958,939
3972,939
3576,940
3602,940
3829,940
3882,940
4113,940
4119,940
4123,940
4215,940
4012,941
3501,941
3940,941
4011,941
4199,941
4265,941
5018,941
5219,941
4158,942
4159,942
4998,942
4999,942
5000,942
5001,942
5947,942
5948,942
4107,943
3649,945
4216,945
5367,945
3480,946
3781,946
3869,946
3871,946
3872,946
3928,946
4091,947
4092,947
4946,947
5156,947
5885,947
5886,947
3916,948
4080,948
4101,948
4189,948
3725,949
4003,949
4114,949
4854,949
3967,950
3586,951
3612,951
3613,951
3614,951
5451,951
3526,952
3527,952
3528,952
4370,952
4582,952
5276,952
3837,953
3985,953
5868,954
4061,954
4062,954
4804,954
4908,954
3530,955
5091,955
5558,955
5559,955
3607,956
3822,956
4266,956
3876,957
3574,958
3851,958
3852,958
5626,958
3465,959
3499,959
3959,959
4071,959
4262,959
5668,959
3793,960
3794,960
4625,960
4675,960
3502,961
3503,961
5609,961
3562,962
3729,963
3730,963
3731,963
3984,963
5958,964
3570,964
3881,964
3693,964
3882,964
4700,964
4701,964
4702,964
4703,964
4706,964
3719,965
4167,965
4927,965
4377,966
4378,966
5281,966
3788,967
3791,967
4304,967
3553,968
3736,968
3737,968
5517,968
3526,969
3581,969
3582,969
3583,969
3661,969
5340,969
3748,970
3918,971
4154,971
4024,972
4227,972
4228,972
4952,972
3631,973
4236,973
3765,974
3766,974
3767,974
3768,974
4094,974
3773,975
4019,975
3520,976
3521,976
3488,977
3873,977
3887,977
4333,977
5638,977
3718,978
3719,978
4527,978
5996,979
3705,979
3706,979
4100,980
4252,980
4253,980
3626,982
6104,982
3481,983
5168,983
5400,983
3546,984
4647,984
5025,984
5497,984
6033,984
3476,985
3477,985
3478,985
3479,985
6071,985
3779,986
3593,987
3594,987
3595,987
3991,988
3469,988
3467,989
3712,989
3838,990
3951,990
4183,990
4332,990
3529,991
4005,991
3690,992
3847,992
3874,992
3715,993
4221,993
3475,994
3666,994
3817,994
3756,995
3757,995
4593,995
4308,996
5205,996
3509,997
3510,997
3755,997
4195,997
4341,997
5244,997
5529,997
3561,998
3968,998
3867,999
3868,999
4279,999
3760,1000
4248,1000
3670,1002
3707,1003
3708,1003
4163,1004
4164,1004
4260,1004
4240,1005
4241,1005
5610,1005
6063,1005
3629,1006
4462,1006
4165,1007
4166,1007
5956,1007
3686,1008
3754,1008
5448,1008
3542,1009
4250,1009
5787,1009
3642,1010
3930,1010
4010,1010
6031,1011
3869,1011
3870,1011
3966,1011
3580,1012
3734,1012
4197,1012
4198,1012
6018,1012
3806,1013
3908,1014
3558,1015
4052,1015
4110,1015
5273,1015
3971,1016
4825,1016
3795,1017
3511,1018
3997,1018
4155,1018
3662,1019
4491,1019
3715,1020
4084,1020
4085,1020
4086,1020
4087,1020
5881,1020
3655,1022
5414,1022
3474,1024
3699,1024
3700,1024
3701,1024
3610,1025
4993,1025
4221,1026
5081,1026
5082,1026
6035,1026
3471,1027
4905,1027
4079,1028
3841,1029
4156,1029
4239,1029
4247,1030
4248,1030
3698,1031
4098,1031
4099,1031
4118,1031
4938,1031
4129,1032
4135,1033
4981,1033
3771,1034
3743,1035
4096,1035
3785,1036
5227,1036
3488,1037
4559,1037
4015,1038
4016,1038
5880,1039
4000,1039
4137,1039
4194,1041
3483,1042
3910,1042
4764,1042
5930,1042
3981,1043
3893,1044
3637,1045
3949,1046
3520,1047
3883,1047
5030,1047
3685,1048
4321,1049
4112,1050
4415,1050
3727,1050
3691,1051
3898,1051
4600,1051
3815,1052
3816,1052
3909,1054
4073,1054
3553,1055
3667,1056
3827,1056
4124,1056
4188,1056
3493,1057
3494,1057
3546,1058
3547,1058
3548,1058
4394,1058
5308,1058
3932,1059
4026,1059
3656,1060
3912,1060
4047,1061
5837,1061
3683,1062
3684,1062
4343,1062
4838,1062
3579,1063
4030,1063
3492,1064
3513,1065
3925,1065
4049,1065
4182,1065
5840,1065
4126,1066
4136,1067
3487,1068
3486,1068
4304,1068
3855,1069
3856,1069
3857,1069
3556,1070
3557,1070
3558,1070
4139,1071
4140,1071
4141,1071
4986,1071
3960,1072
3720,1073
3950,1074
3991,1075
3541,1075
4110,1075
3565,1076
3641,1076
4225,1076
4059,1077
4669,1077
4292,1078
5022,1078
5184,1078
4235,1079
4245,1079
3550,1080
3584,1080
3564,1081
3477,1082
4185,1083
6003,1084
4201,1084
3559,1085
3901,1086
3900,1086
3902,1086
3903,1086
3524,1087
3525,1087
5086,1087
3813,1088
4656,1088
5600,1088
3470,1089
3471,1089
3507,1090
3508,1090
4027,1090
5242,1090
4274,1091
5164,1091
3538,1092
3539,1092
3522,1093
4212,1093
4213,1093
4214,1093
3648,1094
5563,1094
3551,1095
3724,1095
3725,1095
4054,1095
4565,1095
4023,1096
3637,1097
3633,1098
3941,1098
3797,1099
4352,1099
3658,1100
3659,1100
4176,1101
4180,1101
4181,1101
4224,1102
4541,1102
3627,1104
4039,1104
4040,1104
3764,1105
4416,1105
3538,1105
3730,1105
3763,1105
4244,1105
4602,1105
3964,1106
3519,1107
4220,1108
3876,1109
3877,1109
3789,1110
3790,1110
4147,1110
4306,1111
3589,1111
3653,1111
3687,1111
4305,1111
3649,1112
4120,1112
4767,1112
3828,1113
4148,1113
3549,1114
3608,1114
3746,1114
3747,1114
3935,1114
4097,1114
4067,1115
3537,1116
3702,1118
3703,1118
3727,1119
3517,1120
3518,1120
3668,1120
3839,1121
4017,1122
4018,1122
3798,1123
4033,1124
4035,1124
4012,1125
3809,1125
3888,1125
3639,1126
3673,1127
4507,1127
3889,1128
3942,1128
3934,1129
4463,1130
3710,1130
3871,1130
3999,1130
4683,1130
4751,1130
3825,1131
3652,1132
3489,1133
4127,1134
4187,1135
3975,1135
3531,1138
4051,1138
3814,1139
3555,1141
3992,1142
4269,1143
4321,1144
3563,1145
4213,1146
4964,1146
4328,1147
4868,1148
4013,1148
4116,1149
3532,1151
3533,1151
3936,1152
5056,1153
4204,1153
3812,1154
4392,1154
4447,1154
3940,1155
3941,1155
4449,1155
3611,1157
4190,1158
3756,1162
3814,1163
4259,1164
5855,1164
3606,1165
3850,1165
3518,1167
3861,1168
4704,1169
3618,1170
4458,1171
3611,1171
4902,1171
3616,1172
4000,1173
4001,1173
4137,1173
5020,1173
3721,1174
4083,1174
3601,1175
4060,1175
4002,1177
3532,1178
5618,1179
4076,1179
4032,1180
3462,1181
4012,1182
4011,1182
3516,1185
3831,1186
3859,1187
4063,1187
3615,1188
3461,1189
3473,1191
4868,1192
3618,1194
3818,1195
3818,1197
3995,1199
4053,1200
4529,1201
4634,1201
4985,1201
5478,1201
5533,1201
5577,1201
5578,1201
5579,1201
5597,1201
5626,1201
4723,1202
4438,1203
4699,1204
4409,1205
4809,1205
5281,1205
5446,1205
4918,1206
4492,1207
5439,1207
5165,1208
4796,1209
5158,1209
5155,1210
6023,1210
4661,1211
4466,1212
4809,1212
5141,1212
4960,1213
4959,1213
5902,1213
5903,1213
5904,1213
5905,1213
5106,1214
4653,1215
4705,1216
4918,1216
5124,1217
4866,1218
4941,1218
5809,1218
4548,1219
4549,1219
5717,1220
4404,1220
4427,1220
4468,1220
4565,1220
5571,1220
5716,1220
4452,1221
4380,1221
5093,1221
5348,1221
4640,1222
5489,1222
4773,1223
4651,1224
4525,1226
5080,1226
6032,1226
4873,1227
4874,1227
4315,1228
4796,1228
4954,1228
5036,1228
5129,1228
5369,1228
5881,1228
4318,1229
4320,1229
4317,1229
4319,1229
4908,1229
5370,1229
4281,1230
4674,1230
4471,1231
4530,1231
4879,1232
4880,1232
4680,1233
4739,1234
4863,1235
5974,1235
6095,1235
4623,1236
4794,1237
4970,1238
5975,1238
5022,1239
5023,1239
4506,1240
5855,1240
5884,1240
6010,1240
4975,1241
5689,1241
4480,1242
4689,1244
4917,1245
4858,1246
5241,1246
5031,1247
4621,1248
4622,1248
4446,1249
5091,1249
4475,1250
5115,1251
4524,1252
4525,1252
4786,1253
4787,1253
4598,1254
5166,1255
5167,1255
5090,1256
4924,1257
4505,1258
4485,1259
4986,1260
4282,1261
4704,1261
4705,1261
4294,1262
4295,1262
5191,1262
5021,1263
4913,1264
4914,1264
4915,1264
5410,1265
5449,1265
4342,1266
5160,1266
4608,1267
5166,1268
4388,1269
4468,1269
4346,1270
4419,1270
4649,1270
4284,1271
4662,1271
5284,1271
4481,1272
4520,1272
4947,1272
5033,1273
4372,1274
4373,1274
4374,1274
4754,1275
4755,1275
4756,1275
4757,1275
4758,1275
4302,1276
4701,1277
5402,1277
4659,1278
4772,1278
4958,1279
4900,1279
6003,1280
5085,1280
6071,1280
4471,1282
4736,1282
5393,1282
5004,1283
5046,1283
4556,1284
5083,1285
5084,1285
5085,1285
5921,1285
4306,1286
4636,1286
4305,1286
4635,1286
5678,1286
4747,1287
4748,1287
4749,1287
5065,1288
5066,1288
4522,1289
4741,1289
4532,1290
4327,1291
4728,1291
4629,1292
4564,1293
4580,1293
4299,1294
4664,1296
4987,1296
4805,1297
4806,1297
4867,1297
4571,1298
4624,1298
4844,1298
4859,1298
5058,1298
5059,1298
5060,1298
4412,1299
4429,1299
4723,1300
4724,1300
4725,1300
4308,1301
4681,1301
5145,1301
4557,1302
4666,1303
4804,1305
4507,1306
4762,1306
4877,1307
4702,1308
4688,1309
4776,1310
4691,1311
5089,1311
4811,1312
4813,1312
4726,1312
4810,1312
4812,1312
4924,1313
4925,1313
4324,1314
4708,1314
4763,1316
4850,1319
4472,1320
4765,1321
4538,1322
4696,1322
5164,1323
6034,1323
4946,1324
4688,1325
4487,1326
4822,1327
4660,1330
4685,1330
4686,1330
4963,1331
4673,1332
4524,1334
4602,1334
4396,1335
4397,1335
4528,1336
4600,1336
5002,1337
4411,1339
4494,1339
4657,1339
4916,1340
4382,1341
5923,1343
4734,1344
4718,1345
4645,1346
5084,1346
5157,1347
4988,1348
4587,1349
4967,1349
4964,1351
4831,1352
5028,1352
5140,1353
4971,1354
4313,1355
5527,1355
4735,1356
4736,1356
4836,1356
4485,1359
4866,1363
4767,1364
4587,1366
4588,1366
4347,1367
5018,1367
5019,1367
4462,1368
4720,1369
5156,1369
4535,1370
5132,1371
4681,1372
5168,1373
4663,1374
4694,1374
4341,1375
4644,1376
5151,1377
4427,1378
4497,1379
4498,1379
4521,1380
4358,1382
4843,1382
4353,1383
4982,1383
6084,1383
4359,1384
4926,1385
4280,1386
4920,1386
4883,1387
5030,1388
4292,1389
4590,1393
4591,1393
4555,1394
4675,1397
5667,1399
4401,1400
4546,1402
5144,1402
4851,1403
4498,1405
5034,1406
4376,1406
4450,1406
4529,1407
4766,1409
4728,1410
4690,1412
4421,1413
4867,1414
4316,1417
4983,1418
4797,1419
4731,1422
4803,1423
5079,1423
4881,1426
4882,1426
4547,1428
4992,1429
5041,1430
5042,1430
5099,1432
4318,1433
5056,1433
5074,1433
4824,1434
4316,1435
4630,1439
5067,1440
4945,1441
4414,1443
4575,1444
4923,1445
5873,1445
5033,1447
4840,1449
4676,1450
4285,1451
4407,1451
4493,1452
4569,1453
4860,1454
4799,1456
4534,1457
4846,1457
4386,1458
4489,1462
4671,1463
4680,1464
4544,1465
4545,1465
4451,1466
4355,1467
5251,1467
4938,1468
5073,1471
5572,1471
4744,1474
4743,1474
4387,1475
5297,1475
4642,1476
4984,1476
5035,1477
4605,1478
4606,1478
4362,1479
4887,1479
4744,1481
4743,1481
4733,1482
4594,1483
4595,1483
4350,1484
4853,1485
4862,1488
4568,1489
4604,1490
4314,1491
5054,1491
4430,1494
5067,1494
4394,1495
4641,1496
4642,1496
5042,1497
4849,1498
4932,1500
6045,1501
5446,1502
5555,1502
5415,1503
5504,1504
5749,1504
5867,1505
5267,1506
5455,1506
5456,1506
5869,1508
5801,1508
5944,1508
5968,1508
5999,1508
5868,1509
5215,1509
5216,1509
5235,1510
5246,1511
5495,1511
6027,1511
5248,1512
5965,1512
5245,1513
5246,1513
5574,1513
6044,1513
5398,1514
6104,1514
6090,1515
5619,1516
5908,1516
5759,1517
5504,1518
2561,1519
5007,1519
5354,1520
5374,1520
5394,1520
5592,1520
5397,1521
5398,1521
5701,1521
5402,1522
5411,1522
5821,1523
5482,1526
5529,1527
5530,1527
6092,1527
5187,1528
5837,1528
5945,1529
5578,1530
5481,1531
5518,1532
5519,1532
5380,1534
5781,1535
5973,1535
5371,1537
5520,1537
5809,1538
5810,1538
5523,1539
5427,1540
5552,1541
5646,1541
5516,1542
5530,1542
5894,1543
5745,1544
5797,1544
5765,1545
5276,1546
5190,1547
6023,1547
6024,1547
5969,1549
5279,1550
5392,1551
5673,1551
6072,1552
5320,1553
6099,1554
6100,1554
6101,1554
5185,1555
5186,1555
5187,1555
5188,1555
5408,1555
5973,1557
5974,1557
5776,1559
6016,1560
6017,1560
6018,1560
5839,1561
5701,1563
5742,1564
5692,1565
6038,1566
5353,1567
5354,1567
5546,1568
5509,1569
5510,1569
5253,1570
5766,1570
5385,1571
5407,1571
5239,1572
5238,1572
5240,1572
5996,1573
5636,1575
5524,1577
5612,1577
5896,1578
5932,1579
5933,1579
5567,1581
6004,1581
6050,1581
5379,1582
6040,1582
5616,1584
5554,1586
5733,1586
5734,1586
5242,1587
5457,1588
6034,1588
5829,1589
5419,1590
5756,1590
5182,1591
5189,1592
5190,1592
5874,1593
5503,1594
5680,1595
5698,1595
6047,1596
5704,1597
5722,1598
5890,1598
5272,1599
5273,1599
5239,1600
5238,1600
5522,1600
5204,1601
6005,1601
5954,1602
5955,1602
5195,1603
5808,1605
5172,1606
5173,1606
5821,1607
5840,1607
5685,1608
5686,1608
5687,1608
5406,1610
6068,1612
5388,1613
5451,1615
5452,1615
5492,1616
5675,1616
5830,1617
5885,1617
5494,1618
5898,1619
5670,1620
5948,1621
5915,1622
6105,1623
5919,1624
5410,1625
5922,1626
5740,1627
5473,1628
5469,1629
6022,1630
5709,1631
5697,1632
5502,1633
5696,1635
6082,1635
5393,1636
6011,1637
5928,1638
5391,1639
5957,1639
5340,1640
5373,1642
5409,1643
5431,1643
5741,1643
5952,1644
5284,1646
5844,1648
5652,1649
5867,1650
5512,1651
5883,1652
5657,1652
5793,1653
6063,1654
5407,1655
5511,1657
5298,1658
5191,1659
5706,1660
5705,1660
5545,1662
5936,1662
5449,1663
5743,1664
5547,1665
5548,1665
5537,1666
5775,1669
5882,1670
6102,1671
5435,1672
5253,1674
5873,1675
5348,1676
5693,1676
5463,1677
5251,1680
5532,1683
5551,1683
5515,1684
5575,1686
5887,1687
5519,1688
5464,1689
5600,1689
5649,1690
5621,1692
5921,1692
6077,1693
5679,1695
5563,1696
5564,1696
5893,1698
5886,1699
5929,1701
5805,1702
5834,1704
5322,1706
5346,1706
5429,1706
5426,1708
5493,1710
6037,1711
5214,1713
5508,1714
5882,1715
5736,1719
5845,1721
5322,1722
5323,1722
5527,1723
6076,1724
5939,1727
5240,1728
5241,1730
5465,1731
5678,1732
5754,1736
5536,1737
5868,1739
5995,1740
5765,1741
5342,1741
5684,1743
5169,1745
5170,1745
5856,1746
5857,1746
5370,1747
5635,1750
5602,1751
6002,1752
5265,1753
5184,1755
5350,1755
5937,1756
5914,1757
5666,1758
6033,1759
6080,1760
6049,1761
5917,1762
6013,1763
5571,1767
5572,1767
5573,1767
5536,1768
5672,1769
6035,1769
5956,1770
5715,1771
5689,1772
5448,1775
6084,1776
5488,1777
5285,1778
5872,1782
5994,1782
5664,1785
5180,1786
5267,1789
5268,1789
5688,1790
5878,1791
5243,1793
5471,1796
5535,1796
5391,1797
5699,1797
5790,1799
5791,1799
5633,1800
