char_id,word_id
1,12
1,257
1,273
1,380
1,562
1,1572
1,1796
1,2178
2,248
2,249
2,250
2,251
2,252
2,253
2,254
2,255
2,256
2,325
2,326
2,758
2,759
2,760
2,761
2,762
2,763
2,772
2,773
2,774
2,775
2,795
2,1183
2,1253
2,1550
2,1552
2,2242
2,2258
2,2360
2,2361
2,2362
2,2370
2,2434
2,2554
2,2628
2,3117
2,3197
2,3202
2,3203
2,3204
2,3205
2,3206
2,3207
2,3208
2,3209
2,3212
2,3213
2,3935
2,4033
2,4149
2,4150
2,4151
2,4152
2,4153
2,4157
2,4158
2,4159
2,4160
2,4161
2,4162
3,69
3,190
3,374
3,523
3,538
3,827
3,1195
3,1548
3,1572
3,1611
3,1653
3,1828
3,2182
3,2391
3,2637
3,2772
3,3409
3,3592
3,3640
3,3769
3,3923
3,4003
3,4239
4,15
4,16
4,17
4,18
4,49
4,190
4,312
4,313
4,314
4,315
4,316
4,317
4,318
4,319
4,320
4,321
4,322
4,323
4,324
4,325
4,326
4,332
4,907
4,908
4,909
4,911
4,912
4,913
4,914
4,1290
4,1695
4,1696
4,1697
4,1698
4,2002
4,2020
4,2032
4,2042
4,2190
4,2206
4,2522
4,2523
4,2524
4,2525
4,2526
4,2529
4,2530
4,2531
4,2532
4,2533
4,2534
4,2535
4,2536
4,2537
4,2538
4,2539
4,2832
4,2986
4,3005
4,3224
4,3312
4,3417
4,3418
4,3419
4,3420
4,3421
4,3426
4,3427
4,3428
4,3429
4,3430
4,3431
4,3432
4,3518
4,3620
4,4092
4,4141
4,4166
5,947
5,1131
5,1484
5,2042
5,2043
5,2190
5,2530
5,2639
5,3107
5,3373
5,4002
6,227
6,264
6,274
6,641
6,959
6,1696
6,2410
6,2411
6,2590
6,2915
6,3075
6,3263
6,3264
6,4289
7,13
7,14
7,64
7,92
7,112
7,146
7,154
7,293
7,367
7,454
7,468
7,525
7,619
7,620
7,621
7,628
7,743
7,794
7,841
7,992
7,1054
7,1116
7,1329
7,1350
7,1351
7,1352
7,1353
7,1354
7,1355
7,1356
7,1357
7,1430
7,1723
7,1797
7,1857
7,2080
7,2134
7,2144
7,2171
7,2498
7,2690
7,2773
7,2834
7,2892
7,2982
7,2983
7,2984
7,2985
7,3063
7,3439
7,3580
7,3587
7,3616
7,3624
7,3758
7,3835
7,3929
7,4112
7,4163
7,4187
7,4273
8,70
8,125
8,257
8,258
8,259
8,260
8,261
8,662
8,793
8,794
8,795
8,796
8,1077
8,1199
8,1572
8,1573
8,1574
8,1612
8,1901
8,2387
8,2388
8,2389
8,2626
8,3086
8,3139
8,3223
8,3236
8,3237
8,3238
8,3239
8,3240
8,3251
8,3278
8,3480
8,3617
8,4191
8,4192
8,4193
9,214
9,4286
10,197
10,593
11,269
11,270
11,271
11,272
11,820
11,821
11,822
11,4239
12,429
12,1054
12,1055
12,1593
12,1874
12,1875
12,1876
12,2155
12,2293
12,2708
13,149
13,197
13,198
13,214
13,620
13,663
13,807
14,277
14,278
14,279
14,280
14,281
14,282
14,428
14,594
14,735
14,831
14,832
14,833
14,834
14,835
14,836
14,946
14,976
14,1133
14,1623
14,1624
14,2117
14,2249
14,2442
14,2444
14,2603
14,2852
14,3303
14,3322
14,3323
14,3324
14,3325
14,3329
14,4264
14,4265
14,4266
14,4267
15,25
15,83
15,99
15,111
15,159
15,372
15,447
15,461
15,498
15,533
15,798
15,805
15,886
15,950
15,956
15,1160
15,1212
15,1373
15,1499
15,1551
15,2003
15,2020
15,2021
15,2022
15,2269
15,2370
15,2636
15,2817
15,2858
15,3226
15,3801
15,3891
15,4051
15,4063
15,4176
15,4285
16,22
16,36
16,66
16,115
16,118
16,121
16,174
16,175
16,176
16,177
16,178
16,179
16,180
16,181
16,182
16,210
16,211
16,266
16,629
16,676
16,767
16,1128
16,1213
16,1373
16,1374
16,1375
16,1376
16,1377
16,1398
16,1412
16,1744
16,2155
16,2156
16,2157
16,2220
16,2481
16,2784
16,3001
16,3002
16,3003
16,3150
16,3411
16,3620
16,3622
16,3948
16,3949
16,3950
16,3951
16,3952
16,4153
16,4298
17,15
17,31
17,32
17,360
17,361
17,362
17,363
17,364
17,365
17,366
17,367
17,368
17,369
17,370
17,371
17,815
17,964
17,965
17,966
17,967
17,1090
17,1325
17,1481
17,1627
17,1766
17,1767
17,1768
17,1769
17,1770
17,1771
17,1772
17,1773
17,1774
17,1775
17,1776
17,1777
17,1778
17,1995
17,2015
17,2612
17,2613
17,2614
17,2615
17,2616
17,2617
17,2618
17,2619
17,2620
17,2621
17,2622
17,2623
17,2674
17,2699
17,3270
17,3531
17,3532
17,3533
17,3534
17,3535
17,3536
17,3537
17,3538
17,3693
17,3776
17,4011
18,1107
18,1300
18,3121
18,3688
19,67
19,68
19,206
19,277
19,343
19,446
19,471
19,612
19,1093
19,1094
19,1247
19,1663
19,2735
19,2736
19,3666
19,3667
19,3668
19,3669
19,3670
19,4300
20,34
20,35
20,36
20,37
20,331
20,383
20,384
20,385
20,690
20,974
20,983
20,1056
20,1798
20,1799
20,1800
20,1801
20,2051
20,2250
20,2644
20,2645
20,2646
20,2776
20,3396
20,3410
20,3462
20,3555
20,3556
20,3557
20,3860
20,4012
20,4200
21,33
21,81
21,106
21,111
21,200
21,268
21,376
21,381
21,420
21,482
21,496
21,564
21,582
21,646
21,649
21,656
21,671
21,720
21,861
21,880
21,961
21,978
21,979
21,1022
21,1041
21,1606
21,1731
21,2064
21,2397
21,2636
21,2950
21,3547
21,4092
21,4166
21,4216
22,196
22,306
22,654
22,679
22,726
22,951
22,1201
22,2206
22,2207
22,2370
22,3061
22,3691
22,3749
22,3769
22,3994
22,3995
22,4215
22,4239
23,188
23,189
23,231
23,259
23,375
23,567
23,589
23,660
23,685
23,725
23,821
23,1130
23,1396
23,1397
23,1666
23,2047
23,2332
23,2464
23,2535
23,2600
23,3027
23,3028
23,3029
23,3030
23,3265
23,3564
23,3675
23,3969
23,3970
23,3971
23,3972
23,3973
23,4160
24,283
24,317
24,510
24,531
24,752
24,830
24,842
24,893
24,1535
24,1548
24,1695
24,2801
24,4141
24,4142
24,4143
24,4144
25,510
25,810
25,935
25,1195
25,1196
25,3769
25,3770
25,4239
26,25
26,26
26,342
26,343
26,344
26,345
26,346
26,347
26,348
26,349
26,350
26,379
26,563
26,670
26,816
26,905
26,1003
26,1358
26,1460
26,1469
26,1545
26,1613
26,1740
26,1741
26,1742
26,1860
26,2477
26,2580
26,2581
26,2582
26,2583
26,2838
26,3048
26,3304
26,3449
26,3466
26,3486
26,3487
26,3488
26,3489
26,3490
26,3491
26,3492
26,3493
26,3494
26,3495
26,3501
26,3746
26,3865
26,4042
26,4048
26,4088
27,103
27,249
27,326
27,474
27,565
27,697
27,761
27,782
27,1123
27,1124
27,1381
27,1443
27,1544
27,1771
27,1998
27,2011
27,2282
27,2338
27,2402
27,2405
27,2518
27,2766
27,3539
27,3609
27,3668
27,3706
27,3707
27,4102
27,4125
27,4137
27,4307
28,756
28,3194
28,3262
29,149
30,16
30,49
30,397
30,398
30,998
30,999
30,1000
30,1001
30,1011
30,1205
30,1272
30,1819
30,1820
30,1821
30,2425
30,2659
30,2660
30,3574
30,3575
30,3839
30,4179
31,32
31,147
31,155
31,185
31,186
31,187
31,226
31,233
31,240
31,246
31,282
31,346
31,518
31,549
31,634
31,635
31,774
31,922
31,1007
31,1356
31,1385
31,1386
31,1387
31,1388
31,1389
31,1390
31,1482
31,1483
31,1687
31,2345
31,3020
31,3281
31,3542
31,3700
31,3963
31,3968
31,4069
31,4145
31,4214
32,521
32,575
32,829
32,917
32,1075
32,1290
32,1291
32,2092
32,2441
32,2534
32,2781
32,2815
32,2916
32,3169
32,3309
32,3744
32,3863
32,4007
33,7
33,8
33,11
33,51
33,54
33,71
33,285
33,429
33,490
33,513
33,532
33,544
33,590
33,624
33,751
33,771
33,801
33,885
33,987
33,1224
33,1284
33,1299
33,1302
33,1347
33,1369
33,1493
33,1626
33,1645
33,1733
33,1737
33,1748
33,1816
33,1990
33,2057
33,2061
33,2098
33,2099
33,2112
33,2201
33,2216
33,2253
33,2304
33,2312
33,2355
33,2379
33,2499
33,2550
33,2576
33,2652
33,2734
33,2745
33,2749
33,2795
33,2895
33,2914
33,2934
33,2999
33,3184
33,3202
33,3208
33,3332
33,3355
33,3613
33,3635
33,3855
33,3899
33,4059
33,4277
34,139
34,140
34,141
34,142
34,565
34,566
34,567
34,568
35,33
35,89
35,101
35,379
35,391
35,610
35,912
35,980
35,1359
35,1503
35,1607
35,1791
35,1929
35,2021
35,2378
35,2530
35,2639
35,2640
35,2912
35,3005
35,3006
35,3032
35,3787
35,3788
35,3838
35,4098
35,4182
35,4254
36,499
36,2204
36,2422
36,2423
36,3071
36,3215
36,3224
36,3240
36,3369
36,3393
36,4133
36,4182
36,4260
37,116
37,219
37,220
37,221
37,222
37,223
37,224
37,225
37,251
37,291
37,411
37,498
37,547
37,548
37,715
37,716
37,770
37,982
37,1499
37,1500
37,1501
37,1800
37,2236
37,2293
37,2294
37,2295
37,2296
37,2992
37,3002
37,3022
37,3207
37,3208
37,3302
37,3557
37,4020
38,4
38,97
38,134
38,168
38,235
38,448
38,536
38,576
38,577
38,599
38,600
38,601
38,614
38,631
38,833
38,840
38,1112
38,1292
38,1293
38,1294
38,1295
38,1823
38,2240
38,2331
38,2633
38,2917
38,2918
38,2919
38,3460
38,4064
39,315
39,335
39,447
39,448
39,449
39,483
39,507
39,570
39,683
39,850
39,1097
39,1817
39,1896
39,2737
39,2738
39,2739
39,3312
39,3521
39,3673
39,3674
39,3675
39,3829
40,78
40,79
40,288
40,461
40,503
40,617
40,765
40,884
40,1110
40,1111
40,1112
40,1260
40,1321
40,1914
40,2431
40,2598
40,2747
40,3069
40,3136
40,3674
40,3978
40,4058
40,4062
41,47
41,65
41,491
41,856
41,857
41,858
41,859
41,955
41,1106
41,1521
41,1622
41,1658
41,1659
41,1708
41,2453
41,2477
41,2478
41,2714
41,3468
41,3545
41,3790
41,4212
41,4305
41,4306
42,91
42,114
42,136
42,140
42,270
42,433
42,541
42,733
42,757
42,1235
42,2187
42,2349
42,2571
43,18
43,261
43,334
43,643
43,740
43,859
43,919
43,1024
43,1242
43,1265
43,1418
43,1563
43,2173
43,2382
43,2408
43,3099
43,3224
43,3225
43,3226
43,3227
43,4116
43,4181
43,4182
43,4183
43,4184
43,4185
43,4279
44,275
44,377
44,378
44,701
44,881
44,1286
44,1974
44,2638
44,2935
44,3531
44,3549
44,3550
44,3662
44,3665
44,3824
44,3915
44,4025
44,4151
45,324
45,505
45,512
45,551
45,554
45,742
45,743
45,744
45,783
45,784
45,847
45,1023
45,1258
45,1400
45,1524
45,1700
45,1904
45,2667
45,3104
45,3167
45,3257
45,3306
45,3495
45,3604
45,3864
45,3966
45,4000
45,4028
45,4031
45,4118
45,4162
45,4190
46,67
46,82
46,91
46,92
46,264
46,364
46,465
46,478
46,479
46,613
46,856
46,871
46,1144
46,1145
46,1146
46,1636
46,1952
46,2024
46,2144
46,3725
46,3726
47,124
47,438
47,455
47,645
47,686
47,888
47,958
47,1409
47,1410
47,1411
47,1412
47,1413
47,1672
47,2179
47,2180
47,2618
47,2949
47,3030
47,3377
47,3493
47,3515
47,3779
47,3978
47,4193
48,35
48,304
48,388
48,406
48,407
48,408
48,409
48,410
48,569
48,709
48,999
48,1016
48,1253
48,1433
48,1552
48,1768
48,1840
48,1841
48,1889
48,2106
48,2500
48,3577
48,3874
48,3890
48,4206
49,50
49,332
49,362
49,399
49,400
49,401
49,402
49,452
49,747
49,1767
49,1822
49,1823
49,1824
49,1825
49,3271
49,3330
49,3576
49,3577
49,3578
49,3776
50,60
50,123
50,184
50,267
50,400
50,566
50,633
50,700
50,811
50,812
50,820
50,3430
50,3431
50,4143
51,26
51,84
51,100
51,168
51,449
51,1213
51,1338
51,1375
51,1393
51,1501
51,3918
52,31
52,32
52,56
52,94
52,181
52,203
52,232
52,233
52,240
52,241
52,242
52,243
52,281
52,282
52,494
52,516
52,519
52,549
52,748
52,834
52,1254
52,1489
52,1539
52,1964
52,2330
52,2331
52,2332
52,2333
52,2334
52,2357
52,3178
52,3179
52,3180
52,3378
52,3686
52,3937
52,3961
52,4125
52,4126
52,4238
52,4287
53,1425
53,2613
53,2974
53,3568
54,203
54,323
54,685
54,686
54,687
54,718
54,1076
54,1457
54,1911
54,2238
54,2748
54,2991
54,3867
54,3930
54,4030
54,4031
54,4032
54,4033
54,4161
55,227
55,347
55,404
55,640
55,902
55,1117
55,1444
55,1506
55,1507
55,1508
55,1509
55,1510
55,3139
55,3140
55,3276
56,122
56,123
56,124
56,125
56,1265
56,2062
56,2063
56,2064
56,3519
56,3851
56,4192
57,47
57,392
57,393
57,421
57,472
57,742
57,806
57,970
57,991
57,992
57,1005
57,1387
57,1465
57,1630
57,1647
57,1670
57,1805
57,1809
57,1810
57,1936
57,2363
57,2405
57,2406
57,2456
57,2497
57,2509
57,2577
57,2653
57,2654
57,2655
57,2656
57,2657
57,2828
57,2861
57,2878
57,2947
57,3290
57,3415
57,3487
57,3524
57,3559
57,3566
57,3696
57,3713
58,93
58,130
58,131
58,398
58,407
58,409
58,558
58,900
58,1111
58,1235
58,1253
58,1272
58,1273
58,1323
58,1340
58,1374
58,1472
58,1500
58,1552
58,1798
58,2074
58,2075
58,2104
58,2561
58,2753
58,2826
58,2894
58,2895
58,3411
58,3447
58,3490
58,3577
58,3839
58,3840
59,49
59,158
59,159
59,255
59,596
59,722
59,1212
59,2002
59,2042
59,2375
59,2950
59,2951
59,3088
59,3586
59,3788
59,3882
59,3883
60,75
60,105
60,106
60,107
60,517
60,571
60,1084
60,1212
60,1213
60,1420
60,2002
60,2003
60,2004
60,2837
60,2838
60,2839
60,3450
60,3786
60,3787
60,3788
60,3789
60,3790
60,4135
61,3
61,5
61,79
61,98
61,135
61,162
61,199
61,238
61,289
61,352
61,390
61,603
61,606
61,676
61,717
61,779
61,1446
61,1597
61,2231
61,3093
61,3094
61,3095
61,3544
61,3804
61,3818
61,4018
61,4019
61,4020
62,327
62,360
62,413
62,414
62,415
62,637
62,758
62,980
62,1025
62,1026
62,1027
62,1685
62,1736
62,1843
62,1844
62,1845
62,1846
62,1847
62,1896
62,2330
62,2589
62,2676
62,2677
62,2678
62,2679
62,2680
62,2681
62,2752
62,3057
62,3375
62,3474
62,3605
62,3606
62,3914
63,69
63,70
64,99
64,100
64,165
64,504
64,505
64,851
64,1038
64,1182
64,1183
64,1184
64,1322
64,1467
64,1502
64,1756
64,1983
64,2374
64,2816
64,3755
64,4220
65,1
65,74
65,75
65,76
65,77
65,287
65,318
65,451
65,452
65,453
65,454
65,455
65,456
65,682
65,792
65,825
65,1101
65,1102
65,1267
65,1610
65,1909
65,2038
65,2705
65,2740
65,3194
65,3625
65,3683
65,3684
65,3685
65,3686
65,3789
65,3886
65,4142
66,228
66,229
66,230
66,231
66,232
66,233
66,355
66,369
66,724
66,725
66,726
66,727
66,728
66,834
66,1662
66,2218
66,2311
66,2312
66,2313
66,2629
66,3158
66,4095
66,4096
66,4097
67,138
67,142
67,256
67,260
67,272
68,252
68,568
68,633
68,687
68,751
68,812
68,813
68,822
68,1824
68,2906
68,3431
68,4158
68,4236
69,198
70,11
70,109
70,308
70,886
70,887
70,888
70,1060
70,1127
70,1128
70,1684
70,2498
70,2566
70,2831
70,3352
70,3396
70,3397
70,3398
70,3399
70,3400
71,161
71,162
71,558
71,599
71,766
71,957
71,1282
71,1321
71,1322
71,1323
71,1324
71,1440
71,1542
71,2124
71,2125
71,2433
71,2634
71,2709
71,2919
71,2959
71,2960
71,3137
71,3149
71,3514
71,3890
71,3891
72,29
72,102
72,103
72,104
72,413
72,514
72,515
72,516
72,539
72,852
72,1070
72,1176
72,1207
72,1208
72,1209
72,1210
72,1211
72,1468
72,1590
72,1873
72,2000
72,2001
72,2019
72,2032
72,2424
72,2835
72,2836
72,3780
72,3781
72,3782
72,3783
72,3784
72,3785
73,355
73,956
73,957
73,958
73,1646
73,1754
73,2602
73,2603
73,2686
73,3518
73,3519
74,542
74,720
74,721
74,722
74,1434
74,2064
74,2068
74,2305
74,2306
74,2696
74,2870
74,3007
74,3702
74,4092
74,4166
75,171
75,187
75,237
75,501
75,623
75,624
75,1364
75,2145
75,2146
75,2714
75,2812
75,3728
75,3743
75,3756
75,3850
75,3931
75,3932
76,42
76,57
76,86
76,87
76,191
76,441
76,474
76,476
76,514
76,655
76,713
76,723
76,1125
76,1422
76,1829
76,1933
76,1934
76,2654
76,2773
76,2774
76,3011
76,3029
76,3529
76,3713
76,3714
76,3715
76,3828
76,3917
76,4066
76,4189
76,4252
77,637
77,3026
79,64
79,65
79,357
79,1062
79,1063
79,1064
79,1065
79,1066
79,1067
79,1141
79,1351
79,1580
79,1608
79,1878
79,2186
79,2713
79,2714
79,2937
79,3372
79,3605
79,3641
79,3842
79,3906
80,133
80,134
80,135
80,561
80,654
80,901
80,1006
80,1088
80,1276
80,1277
80,1391
80,1488
80,1602
80,2247
80,2299
80,2601
80,2897
80,2898
80,3850
80,3907
80,3939
80,3994
81,275
81,276
81,684
81,2237
81,4251
82,2409
82,3939
83,66
83,122
83,441
83,442
83,1081
83,1082
83,1099
83,1513
83,1887
83,1888
83,2727
83,2728
83,3658
83,3659
83,3714
83,3781
83,4076
83,4191
84,34
84,254
84,386
84,443
84,529
84,669
84,773
84,795
84,837
84,1342
84,1564
84,1803
84,2257
84,2554
84,2649
84,3326
84,3375
84,3737
84,3762
84,3882
84,3925
84,3979
85,274
85,823
85,824
85,825
85,826
85,827
85,1014
85,1599
85,1865
85,2718
85,3293
85,3294
85,3295
85,3296
85,3764
85,4243
86,68
86,205
86,206
86,207
86,690
86,691
86,768
86,1252
86,1471
86,1472
86,1473
86,1554
86,1752
86,1872
86,2254
86,2255
86,2256
86,2867
86,3106
86,3301
86,3575
86,3680
86,3697
86,3861
86,4046
86,4047
86,4048
86,4049
86,4050
86,4051
86,4052
86,4053
86,4054
86,4267
87,2040
87,2874
87,3816
87,3817
88,61
88,427
88,428
88,672
88,1048
88,1049
88,1448
88,1868
88,1869
88,1870
88,1871
88,2163
88,2699
88,2700
88,2701
88,2702
88,2703
88,2704
88,3019
88,3628
88,3629
88,3630
88,3631
88,3632
88,3633
88,3634
89,53
89,189
89,217
89,278
89,1274
89,1483
89,2008
89,2114
89,2432
89,2796
89,2982
89,3196
90,166
90,703
90,704
90,1021
90,1441
90,2274
90,2334
90,2367
90,2726
90,3120
90,3182
90,3595
91,3691
92,287
92,288
92,855
92,2476
92,4302
92,4303
93,283
93,340
93,341
93,837
93,838
93,1627
93,1721
93,2229
93,2343
93,2446
93,2501
93,3343
93,3367
93,3482
93,3483
94,191
94,217
94,511
94,648
94,1000
94,1053
94,1423
94,1424
94,1492
94,1538
94,1830
94,1845
94,2186
94,2187
94,2188
94,2189
94,2214
94,2655
94,3041
94,3042
94,3055
94,3282
94,3339
94,3634
94,3814
94,3817
94,3984
94,4119
95,110
95,279
95,786
95,857
95,1473
95,1486
95,1487
95,1488
95,1489
95,1490
95,1491
95,2058
95,2995
95,3095
95,3122
95,3750
95,4072
96,183
96,616
96,673
96,674
96,675
96,1132
96,1198
96,1266
96,1443
96,1444
96,1445
96,1464
96,1596
96,1875
96,2227
96,2228
96,2229
96,2952
96,2978
96,3091
96,3092
96,3337
96,3363
96,3578
97,93
97,107
97,201
97,263
97,333
97,482
97,483
97,583
97,776
97,2007
97,2067
97,2398
97,3313
97,3418
97,3706
97,3787
97,4065
98,60
98,123
98,184
98,633
98,700
99,1830
99,2663
100,381
100,382
100,588
100,981
100,2641
100,2642
100,3143
100,3496
100,3630
100,4264
101,235
101,341
101,736
101,952
101,2316
101,2317
101,2318
101,2319
101,2712
101,3639
101,3921
101,4112
101,4113
102,182
102,183
102,615
102,632
102,1382
102,1650
102,1959
102,2161
102,2162
102,2163
102,2458
102,3213
102,3327
102,3398
103,194
103,502
103,625
103,934
103,1095
103,1096
103,1110
103,1312
103,1520
103,1895
103,3671
103,3672
104,46
104,216
104,707
104,708
104,709
104,710
104,711
104,1497
104,2283
104,3132
104,3133
104,4080
105,803
105,804
105,2155
105,2293
105,2403
105,3072
105,3254
105,3255
106,28
106,39
106,196
106,380
106,397
106,485
106,592
106,731
106,732
106,1118
106,1119
106,1437
106,2165
106,2239
106,3205
106,3995
106,4027
107,80
107,81
107,82
107,83
107,84
107,471
107,1923
107,2183
107,2672
107,2758
107,2759
107,2760
107,2761
107,2762
107,2763
107,2764
107,3705
108,112
108,113
108,536
108,537
108,538
108,1228
108,1229
108,1230
108,1231
108,2023
108,2024
108,2025
108,2026
108,2723
108,3805
108,4138
109,486
109,657
109,2647
109,3647
109,3723
110,177
110,222
110,1316
110,1822
110,2549
110,3261
110,3513
110,3517
110,3985
110,4147
110,4149
111,127
111,128
111,345
111,366
111,915
111,1637
111,2157
111,2891
111,2966
111,2981
111,2993
112,19
112,58
112,333
112,334
112,506
112,587
112,824
112,1364
112,1455
112,1714
112,3027
112,3459
112,3460
112,4165
113,226
113,1251
113,1426
113,1502
113,2180
113,2203
113,3136
113,3137
113,3229
113,3250
113,4087
114,94
114,492
114,493
114,494
114,495
114,1166
114,1167
114,1333
114,1971
114,1972
114,3549
114,3611
114,3716
114,3739
114,3740
114,4290
115,51
115,77
115,124
115,131
115,137
115,141
115,144
115,151
115,152
115,208
115,228
115,249
115,250
115,251
115,254
115,271
115,326
115,424
115,466
115,529
115,565
115,732
115,761
115,793
115,795
115,1223
115,1231
115,1827
115,2063
115,2078
115,2081
115,2272
115,2387
115,2390
115,2554
115,2615
115,2661
115,2708
115,2748
115,3158
115,3207
115,3539
115,3581
115,3652
115,3818
115,3953
116,45
116,46
116,387
116,388
116,389
116,990
116,1018
116,3655
117,305
117,306
117,889
117,890
117,891
117,1511
117,1685
117,1819
117,2500
117,2501
118,194
118,652
118,755
118,1249
118,1750
118,1897
118,2001
118,2014
118,2028
118,2121
118,2806
118,3056
118,3057
118,3058
118,3059
118,3125
118,3243
118,3694
118,3765
118,3807
118,3852
118,3926
118,3927
118,3993
118,4022
118,4114
118,4285
119,132
119,258
119,302
119,559
119,560
119,745
119,1301
119,1803
119,2078
119,2079
119,2080
119,2452
119,2955
119,3491
119,3556
119,3846
119,3847
119,3848
119,3849
119,4251
120,170
120,273
120,823
120,1591
120,2231
120,2593
120,3286
120,3287
120,3288
121,286
121,850
121,851
121,852
121,3080
121,3856
121,4295
122,1932
123,117
123,127
123,344
123,619
123,626
123,1983
123,2009
123,2010
123,2854
123,3212
123,3508
123,3627
123,3798
123,3944
124,169
124,170
124,622
124,1031
124,1358
124,1359
124,1360
124,1727
124,2138
124,2716
124,2988
124,3930
125,131
125,677
125,2511
125,3991
126,122
126,1081
126,1248
126,2289
126,2290
127,17
127,186
127,199
127,527
127,597
127,1319
127,2033
127,2095
127,2120
127,2381
127,2407
127,2848
127,2890
127,2933
127,2952
127,2953
127,3094
127,3212
127,3806
127,3884
127,4008
127,4139
128,12
128,13
128,668
128,1025
128,1050
128,1336
128,1531
128,1874
128,2551
129,27
129,28
129,29
129,30
129,357
129,358
129,359
129,962
129,963
129,1761
129,1762
129,1763
129,1764
129,1765
129,2607
129,2608
129,2609
129,2610
129,2611
129,3370
129,3414
129,3524
129,3525
129,3526
129,3527
129,3528
129,3529
129,3530
129,3541
129,3992
130,151
130,152
130,153
130,154
130,155
130,1299
130,1645
130,2066
130,2085
130,2094
130,2215
130,2661
130,2922
130,3612
130,3614
130,3854
131,3065
131,3998
132,28
132,39
132,40
132,41
132,42
132,43
132,44
132,984
132,985
132,986
132,987
132,1734
132,1735
132,1804
132,1805
132,1806
132,1807
132,2150
132,2650
132,2651
132,2652
132,3558
132,3559
132,3560
132,3561
132,3583
132,3725
133,50
133,322
133,601
133,630
133,631
133,1343
133,1616
133,1957
133,3953
134,316
134,664
134,665
134,1230
134,3078
134,4007
135,263
135,2361
135,2409
135,3261
135,3262
135,3420
135,4214
135,4215
136,861
136,862
136,863
136,1660
136,2479
137,86
137,172
137,444
137,607
137,674
137,681
137,926
137,927
137,1200
137,1339
137,1408
137,1506
137,1707
137,2561
137,2631
137,2865
137,3263
137,3462
137,3463
137,3464
137,3486
137,3793
137,3938
137,4226
138,171
138,236
138,237
138,238
138,480
138,748
138,925
138,989
138,996
138,1185
138,2113
138,2114
138,2115
138,2116
138,2117
138,2340
138,2584
138,2945
138,3110
138,3245
138,3268
138,3331
138,3397
138,3547
138,3971
138,4032
138,4266
139,579
139,1795
139,2998
139,3941
139,3942
139,3943
140,120
140,121
140,3832
141,2281
142,48
142,192
142,193
142,204
142,1428
142,2070
142,2237
142,3045
142,3046
142,3047
142,3160
142,3298
142,3989
142,3994
142,4038
142,4231
143,58
143,2585
144,76
144,200
144,201
144,202
144,574
144,678
144,679
144,963
144,1421
144,1452
144,1453
144,4023
145,3
145,133
145,296
145,869
145,2483
145,3374
146,55
146,56
146,411
146,412
146,906
146,1022
146,1208
146,1842
146,2674
146,2675
146,2811
146,3584
147,570
147,571
147,572
147,573
147,574
147,1226
147,1286
147,1287
147,2087
147,2791
147,2912
147,2913
147,3109
147,3259
147,3691
147,3859
148,117
148,118
148,120
148,286
148,378
148,434
148,552
148,703
148,762
148,763
148,1049
148,1256
148,1451
148,3206
148,3489
148,3829
148,4089
148,4153
149,89
149,90
149,213
149,307
149,308
149,1135
149,1136
149,1793
149,1943
149,2145
149,2780
150,148
150,389
150,569
150,710
150,1285
150,2910
150,2911
151,90
151,814
151,843
151,844
151,1635
151,1994
151,2986
151,4276
152,62
152,445
152,882
152,1050
152,2457
152,2715
152,2820
152,3394
152,4201
153,9
153,10
153,304
153,387
153,707
153,883
153,2496
153,2910
154,9
154,45
154,78
154,114
154,139
154,148
154,156
154,161
154,175
154,205
154,216
154,220
154,253
154,262
154,269
154,290
154,450
154,552
154,632
154,2040
154,2507
154,3404
154,4075
155,101
155,195
155,422
155,1648
155,2665
155,3775
156,113
156,492
156,1063
156,2054
156,3013
156,3024
156,3497
156,3537
156,3955
156,3967
156,3968
157,97
157,98
157,503
157,1615
157,2147
157,2812
158,44
158,243
158,247
158,348
158,800
158,801
158,844
158,1836
159,169
159,276
159,1714
159,3214
159,3974
160,188
160,259
160,567
160,725
160,821
160,1319
160,2274
160,2641
161,104
161,731
161,732
161,2261
161,4099
161,4100
161,4101
162,57
162,596
162,1023
162,3603
162,3604
163,763
163,1029
163,1850
163,1851
163,1852
163,2683
163,2684
163,3076
163,3385
163,3608
164,59
164,60
164,419
164,424
164,1047
164,2092
164,2514
164,2693
164,2694
164,2695
164,3619
165,21
165,22
165,23
165,27
165,85
165,102
165,160
165,176
165,221
165,337
165,350
165,430
165,431
165,595
165,680
165,681
165,847
165,1790
165,1805
165,1815
165,2044
165,2564
165,2572
165,3469
165,3470
165,3471
165,3558
165,3713
165,3785
165,3796
165,3799
165,3832
165,3834
165,4120
165,4213
166,245
166,416
166,650
166,1032
166,1218
166,1579
166,2207
166,2427
166,2686
166,3242
167,528
167,529
167,530
167,531
167,546
167,1043
167,1142
167,1225
167,1980
167,2012
167,2243
167,2855
167,3799
167,4013
167,4195
168,972
168,1271
168,1879
168,3246
168,4199
169,284
169,845
169,897
169,1307
169,2464
170,267
170,811
170,812
170,813
170,3430
170,3431
172,790
172,1450
172,3252
172,3458
172,4206
172,4207
172,4208
173,491
174,43
174,44
174,788
174,789
174,1562
174,2379
174,3012
174,3013
174,3811
174,4170
174,4177
174,4178
175,73
175,132
175,651
175,849
175,1491
175,2468
175,2958
175,3974
175,4106
175,4107
176,1
176,292
176,293
176,520
176,864
176,1348
176,1663
176,1664
176,2127
176,2288
176,2873
176,3658
177,284
177,1378
177,1996
177,2929
177,3244
177,4281
178,172
178,173
178,627
178,628
178,1371
178,1372
178,2154
178,3000
178,3461
178,3641
178,3947
178,4103
179,1228
179,1669
179,3375
180,464
180,2000
180,2298
180,3081
180,3698
180,3699
180,3700
180,3836
180,4131
181,164
181,165
181,166
181,167
181,604
181,605
181,1333
181,2160
181,3192
181,3872
182,14
182,105
182,185
182,1264
182,2515
182,3412
182,3413
182,3582
182,3722
182,4111
182,4262
183,239
183,738
183,1519
183,2036
184,85
184,2422
184,2769
184,2770
184,2771
184,3712
185,41
185,42
185,838
185,984
185,985
185,1562
185,1916
185,3036
185,3037
185,3342
185,3757
187,202
187,1521
187,1716
187,2077
187,4106
187,4107
189,1047
190,7
190,130
190,163
190,192
190,1308
190,1673
190,1674
190,1675
190,1913
190,2486
190,2487
190,2493
190,2608
191,265
191,266
191,808
191,809
191,810
191,1585
191,3268
191,4219
192,268
192,816
192,2335
193,1992
193,4060
194,24
194,74
194,1730
194,2311
194,2575
195,37
195,204
195,689
195,1462
195,2248
195,3035
195,3881
195,4038
196,2281
197,246
197,247
197,711
197,836
197,2356
197,2357
197,4146
198,737
198,1858
198,1910
198,2017
198,2323
198,2565
198,2741
198,2854
198,3469
199,72
199,207
199,354
199,787
199,797
199,2010
199,2392
199,2393
199,2569
199,2750
199,3189
199,3590
199,3932
199,4080
199,4288
200,108
200,518
200,1214
200,1705
200,2005
200,2006
200,2208
200,2840
200,3383
200,3422
200,3632
200,3793
200,3794
201,53
201,54
201,843
201,1018
201,1019
201,1020
201,2587
201,3412
201,3601
201,3825
201,3989
202,4
202,5
202,248
202,300
202,3379
202,3576
204,61
204,1867
204,2320
204,2324
204,4113
204,4117
205,71
205,144
205,152
205,228
206,236
206,237
206,238
206,561
206,741
206,3119
206,3638
206,3912
206,4178
207,2701
207,2709
207,2710
208,23
208,385
208,699
208,814
208,1951
208,4230
209,80
209,356
209,1760
209,2490
209,2606
210,10
210,1186
211,129
211,1907
211,2031
211,2394
211,3534
211,3874
212,17
212,440
212,525
212,553
212,604
212,791
212,1219
212,1660
212,2517
212,2573
212,2847
212,2848
212,2849
212,3796
213,145
213,153
213,157
213,212
213,230
213,487
213,537
213,792
213,1909
213,3235
213,4229
214,62
214,2245
214,3883
215,144
215,145
215,146
215,147
215,1284
215,2085
215,2086
215,2909
216,163
216,1148
216,3299
216,3753
216,3964
216,4280
217,179
217,211
217,212
217,698
217,699
217,1113
217,2259
217,2260
217,4060
217,4061
218,618
218,1348
218,1349
218,2142
218,2143
218,2783
218,2980
218,2981
218,3925
218,3926
218,3927
218,3928
219,167
219,291
219,2574
220,1264
220,2059
220,2060
220,2887
220,3241
221,30
221,383
221,535
221,581
221,607
221,608
221,609
221,698
221,1335
221,1341
221,1655
221,2120
221,3241
221,3255
221,3869
221,3911
221,3912
221,3913
222,242
222,729
222,730
223,55
223,164
223,480
223,746
223,1902
223,1953
223,2195
223,3455
223,3728
223,3743
224,312
224,960
224,2062
224,3521
225,209
225,210
225,694
225,695
225,696
225,697
225,2257
225,3380
225,4219
226,108
226,1414
226,1415
226,1710
226,2075
226,2181
226,2559
226,3035
226,3401
226,3798
226,3979
227,563
227,564
227,3856
228,40
228,1459
228,2088
228,2617
228,2914
228,3986
230,136
230,137
230,138
230,2084
231,656
231,657
231,1008
231,3273
231,3999
231,4000
232,218
232,2288
232,3134
232,3759
233,241
233,417
233,545
233,639
233,712
233,1578
233,3424
234,218
234,469
234,1120
235,2196
235,2197
235,2210
235,3082
235,3672
236,1903
236,2030
236,3806
236,3807
237,72
237,73
238,245
238,370
238,713
238,931
238,1377
238,1549
238,2060
238,3862
238,4053
238,4083
238,4197
240,332
240,2551
240,2552
240,2554
240,2581
240,3448
241,119
241,1775
242,48
242,394
242,993
242,2404
242,2859
243,1883
243,2884
244,6
244,301
245,3072
245,4004
246,290
246,1657
247,262
247,1657
248,1744
249,250
250,63
250,1769
250,2202
251,38
251,2326
251,4039
252,1263
252,3834
253,6
253,1243
253,1941
253,2755
253,3621
254,95
254,229
254,1772
254,1978
255,96
255,2442
255,3731
256,467
256,468
256,1313
257,1304
257,3079
257,3395
257,3457
258,1678
258,3283
259,94
259,115
259,116
259,1773
259,2050
259,2156
259,2295
259,3824
259,3825
259,4106
260,145
260,153
260,157
260,230
260,487
260,537
261,174
261,219
261,297
261,870
261,1905
261,1949
261,2101
261,3308
261,4080
261,4298
262,234
262,423
263,21
263,87
263,128
263,1310
263,1568
263,1832
263,2544
263,3656
263,4036
263,4043
264,225
264,3243
264,3385
264,3388
264,4197
265,24
265,52
265,129
265,209
265,215
265,265
265,405
265,863
265,2651
265,2744
266,195
266,706
266,2204
266,3060
267,156
269,180
269,215
269,224
269,280
269,705
269,706
269,3571
270,244
270,1777
271,2775
271,2841
272,204
272,405
272,675
272,965
272,1257
272,2513
272,2520
272,2545
272,3463
273,150
273,2920
273,3858
274,20
274,1051
274,1052
274,1053
274,2706
274,3025
274,3636
274,3637
274,3638
274,3667
274,3841
275,52
275,173
275,193
275,509
275,753
275,3830
276,2
277,213
277,3859
278,158
279,77
279,104
279,208
279,1477
279,4188
280,239
280,746
280,1470
280,3171
281,4061
282,126
282,1978
283,285
283,3047
284,160
284,430
284,2121
284,2122
285,109
285,110
285,178
285,223
285,526
285,1074
285,1220
285,2850
285,3423
285,3734
286,96
287,217
287,713
287,714
287,3908
287,4083
288,20
288,1543
288,1544
288,1715
288,3636
289,328
289,869
289,3049
290,1108
290,1259
290,1283
290,1711
291,143
291,150
291,1283
291,2213
291,3857
291,3858
292,1935
293,547
293,2048
294,59
294,1750
295,88
295,2630
296,88
296,3643
296,3853
297,8
297,419
297,1407
298,289
300,2846
301,339
301,622
301,700
301,744
301,769
301,778
301,895
301,932
301,1484
301,1846
301,2046
301,2478
301,3037
301,3109
301,3110
301,3111
301,3112
301,4070
301,4071
302,524
302,661
302,765
302,766
302,767
302,768
302,769
302,770
302,1551
302,2368
302,2369
302,2640
302,2786
302,2913
302,3210
302,3211
302,4297
303,520
303,521
303,522
303,523
303,524
303,1216
303,1217
303,1360
303,2007
303,2815
303,2844
303,2845
303,3176
304,403
304,1828
304,1838
304,2139
304,2602
304,3217
304,3969
305,382
305,1431
305,1566
305,1625
305,1743
305,1821
305,1888
305,2152
305,2270
305,2391
305,2411
305,2512
305,2583
305,2622
305,2643
305,2703
305,2739
305,3227
305,3239
305,3421
305,3623
305,4097
305,4261
306,371
306,533
306,846
306,847
306,848
306,1059
306,1330
306,1646
306,1647
306,1648
306,1649
306,1650
306,1651
306,1814
306,2467
306,3357
306,3358
306,3359
306,4285
306,4286
306,4287
306,4288
306,4289
307,342
307,404
307,688
307,1002
307,1003
307,1004
307,1005
307,1006
307,1007
307,1008
307,1009
307,1010
307,1207
307,1236
307,1368
307,1831
307,1832
307,1833
307,2664
307,2665
307,2666
307,2667
307,2948
307,3389
307,3526
307,3582
307,3583
307,3584
307,3585
307,3586
307,3587
307,3588
307,4134
308,661
308,662
308,927
308,1436
308,2279
308,3075
308,3190
308,3443
309,371
309,462
309,617
309,658
309,892
309,975
309,1095
309,1363
309,1461
309,1504
309,1649
309,1698
309,1948
309,1988
309,2139
309,2359
309,2825
309,2924
309,3094
309,4018
309,4141
310,310
310,338
310,339
310,692
310,853
310,933
310,934
310,935
310,936
310,937
310,938
310,939
310,1155
310,1525
310,1586
310,1723
310,1881
310,2352
310,2412
310,2566
310,2567
310,2568
310,2569
310,2605
310,2676
310,2743
310,2837
310,3020
310,3318
310,3426
310,3474
310,3475
310,3543
311,506
311,507
311,508
311,764
311,921
311,1187
311,1188
311,1189
311,1190
311,1986
311,2818
311,3016
311,4293
312,298
312,408
312,517
312,721
312,862
312,1103
312,1834
312,1835
312,1836
312,2063
312,2275
312,2392
312,2669
312,2670
312,3042
312,3045
312,3061
312,3113
312,3198
312,3589
312,3590
312,4183
313,305
313,306
313,321
313,543
313,625
313,1366
313,1953
313,2147
313,2990
313,2991
313,2992
313,3295
313,3935
314,375
314,973
314,974
314,975
314,976
314,1512
314,1559
314,2531
314,2631
314,2632
314,2633
314,2634
314,2635
314,3543
314,3544
314,3545
314,3885
314,3948
314,3980
314,4243
315,325
315,759
315,989
315,1030
315,1091
315,1202
315,1345
315,1619
315,1886
315,2206
315,2273
315,2789
315,2851
315,2988
315,3084
315,3444
315,3563
315,3564
315,3565
315,3732
315,4209
315,4257
316,327
316,360
316,611
316,758
316,883
316,915
316,916
316,990
316,1285
316,1497
316,1623
316,2090
316,2327
316,2540
316,2830
316,3434
316,3740
316,4047
316,4291
317,593
317,594
317,1316
317,1317
317,1939
317,2118
317,3231
318,841
318,842
318,1629
318,1630
318,1631
318,1632
318,1633
318,1651
318,2449
318,2450
318,2564
318,3112
318,3333
318,3334
318,3335
318,3336
318,3337
318,3645
318,3845
318,4273
318,4274
318,4275
319,377
319,508
319,542
319,872
319,948
319,1087
319,1105
319,1236
319,1237
319,1238
319,1239
319,1594
319,2315
319,2328
319,2471
319,2625
319,2969
319,3248
319,3287
319,3321
319,3338
319,3809
319,3810
319,4293
320,412
320,442
320,515
320,727
320,733
320,734
320,735
320,739
320,835
320,864
320,1204
320,1289
320,1370
320,1755
320,1783
320,1826
320,2143
320,2315
320,2455
320,2908
320,3161
320,3162
320,3175
320,3392
320,3689
320,4108
320,4109
320,4110
320,4111
320,4185
320,4268
321,313
321,374
322,778
322,799
322,1556
322,3217
322,4168
323,829
323,830
323,1610
323,1611
323,1612
323,3312
323,3313
323,3507
323,4254
323,4255
323,4256
324,638
324,639
324,640
324,641
324,1168
324,1317
324,1346
324,1398
324,1399
324,1400
324,1401
324,1402
324,1411
324,1412
324,1509
324,1591
324,1724
324,1895
324,2026
324,2172
324,2173
324,2882
324,3031
324,3297
324,3900
324,3975
324,3995
324,4005
324,4222
325,473
325,993
325,1136
325,1618
325,1659
325,3156
325,3180
325,3703
326,318
326,439
326,557
326,776
326,777
326,796
326,802
326,1389
326,1457
326,1554
326,1555
326,1632
326,1634
326,1791
326,3070
326,3214
326,3215
326,3216
326,3511
326,3844
326,4014
326,4166
326,4167
327,578
327,991
327,1240
327,1291
327,1399
327,1452
327,1541
327,1982
327,1987
327,2033
327,2126
327,2440
327,2575
327,2767
327,2983
327,3034
327,3092
327,3238
327,3386
327,3533
327,3560
327,3811
327,3892
327,3919
327,3920
328,663
329,297
329,396
329,479
329,644
329,730
329,800
329,815
329,854
329,916
329,923
329,924
329,925
329,939
329,1390
329,1436
329,1589
329,1713
329,2339
329,2557
329,2558
329,2560
329,2827
329,2885
329,3103
329,3454
329,3455
329,3456
329,3457
329,3458
329,3500
329,3506
329,3707
329,3996
329,4231
330,299
330,430
330,431
330,432
330,433
330,434
330,435
330,436
330,437
330,1049
330,1068
330,1069
330,1070
330,1071
330,1072
330,1879
330,2023
330,2715
330,2716
330,2717
330,2718
330,3376
330,3642
330,3643
330,3644
330,3645
331,764
331,1585
332,643
332,965
332,1757
332,2175
332,2778
332,3032
332,3538
333,292
333,618
333,645
333,734
333,1045
333,1331
333,1332
333,1691
333,2133
333,2238
333,2970
333,2971
333,3018
333,3413
333,3717
333,3909
334,295
334,611
334,612
334,613
334,614
334,615
334,616
334,693
334,1339
334,1340
334,1341
334,2799
334,2946
334,2974
334,2975
334,3920
334,3921
336,858
336,953
336,1066
336,1196
336,1210
336,1298
336,1372
336,1413
336,1609
336,1639
336,1686
336,1687
336,1904
336,2119
336,2170
336,2354
336,2377
336,2556
336,3129
336,3195
337,848
337,1239
337,1566
337,3232
338,392
338,393
338,540
338,642
338,1884
338,2179
338,2353
338,2435
338,2520
338,2985
338,3128
338,3129
338,3130
338,3485
338,4079
339,356
339,785
339,1013
339,1417
339,1559
339,1563
339,1880
339,2660
339,3144
339,3705
339,4179
339,4180
340,410
340,3148
340,3149
340,3150
340,3209
340,3350
340,3840
340,3904
341,386
341,541
341,688
341,1231
341,1280
341,1394
341,1459
341,1885
341,1914
341,1989
341,2124
341,2762
341,2883
341,3077
341,3193
341,3551
341,3742
341,3784
341,3833
341,3954
341,4035
341,4052
341,4259
341,4269
342,718
342,719
342,723
342,819
342,1114
342,1511
342,1512
342,1513
342,1514
342,1515
342,2302
342,2303
342,2308
342,3143
342,3144
342,3151
342,3288
342,3988
343,550
343,653
343,1242
343,1392
343,1573
343,2036
343,2037
343,2137
343,2510
343,2523
343,2688
343,2866
343,3239
343,3346
343,3718
344,473
344,1928
344,2772
345,846
346,330
346,477
346,1061
346,1141
346,1142
346,1143
346,1588
346,1949
346,1950
346,1951
346,2783
346,2784
346,2785
346,2786
346,3724
347,457
347,926
347,1103
347,1104
347,1105
347,1106
347,1172
347,1246
347,1247
347,1305
347,1416
347,1656
347,1859
347,1911
347,1942
347,2469
347,2742
347,2743
347,3687
347,3709
347,3933
348,668
348,669
348,1439
348,1813
348,2081
348,2222
348,2223
348,2224
348,3084
348,3085
348,3086
348,4011
348,4012
348,4013
348,4014
349,395
349,719
349,737
349,738
349,739
349,740
349,1456
349,1522
349,1523
349,1725
349,2262
349,2467
349,2763
349,2858
349,2893
349,3165
349,3166
349,4115
349,4116
350,311
350,648
350,898
350,899
350,900
350,901
350,902
350,903
350,968
350,969
350,1002
350,1691
350,1692
350,3411
351,373
351,860
351,1057
351,1799
351,2270
351,2271
351,2540
351,3179
351,3310
351,3565
351,3626
351,4272
352,489
352,666
352,702
352,941
352,1287
352,1435
352,1620
352,1817
352,1946
352,2557
352,2683
352,2687
352,2700
352,2737
352,2856
352,2917
352,2961
352,3015
353,363
353,450
353,1099
353,1897
353,1898
353,3676
353,3677
353,3678
353,3679
353,3680
353,3681
353,3682
353,4132
354,488
354,591
354,592
354,683
354,684
354,1455
354,1456
354,2237
354,2721
354,2879
354,3099
354,3429
354,3465
354,3783
354,4024
354,4025
354,4026
354,4027
354,4028
354,4029
355,798
355,799
355,2399
355,2400
355,2548
355,2704
355,2940
355,3248
355,3249
355,3250
355,3251
355,4201
355,4202
356,368
356,636
356,724
356,1052
356,1391
356,2876
356,3151
356,4091
356,4101
356,4232
357,670
357,671
357,672
357,1440
357,1441
357,2225
357,2226
357,2960
357,3087
357,3088
357,3089
357,4016
357,4017
358,667
358,909
358,1238
358,1689
358,1977
358,2058
358,2277
358,2372
358,2426
358,2942
359,376
359,451
359,467
359,924
359,948
359,994
359,1743
359,2302
359,2588
359,2589
359,2590
359,3014
359,3252
359,3377
359,3499
359,3500
359,3512
359,3998
359,4181
360,504
360,626
360,647
360,1384
360,1429
360,1950
360,2045
360,2244
360,2993
360,3492
360,3934
360,3937
360,4090
361,435
361,586
361,587
361,588
361,589
361,652
361,762
361,1107
361,2106
361,2107
361,2108
361,2109
361,2939
361,2940
361,3873
361,3874
361,3875
361,3876
362,573
362,704
362,896
362,1119
362,1414
362,1442
362,1638
362,2449
362,2850
362,3090
362,3794
362,4164
363,424
363,472
363,635
363,2767
363,2768
363,2855
363,3711
363,3819
363,3963
364,1061
364,2711
364,2712
364,3406
364,3640
365,310
365,418
365,894
365,895
365,1640
365,2509
365,3406
365,3407
365,3408
366,362
366,401
366,414
366,621
366,630
366,651
366,1432
366,2198
366,2199
366,2278
366,3052
366,3361
366,3517
366,3776
366,4004
366,4258
367,294
367,295
367,586
367,694
367,762
367,865
367,866
367,873
367,911
367,1665
367,2480
367,3320
367,3371
367,3642
368,302
368,303
368,623
368,695
368,880
368,881
368,882
368,1575
368,1924
368,2490
368,2491
368,2758
368,3382
368,3383
368,3676
368,4024
369,425
369,917
369,1350
369,3093
370,502
370,1168
370,1172
370,1173
370,1174
370,1463
370,1652
370,1976
370,1977
371,497
371,572
371,649
371,1046
371,1427
371,1728
371,2190
371,2987
371,3044
371,3147
371,4217
372,500
372,562
372,1281
372,1282
372,1442
372,2307
372,2907
372,3052
372,3802
373,365
373,627
373,1179
373,1240
373,1432
373,1709
373,1899
373,2438
373,2446
373,2916
373,2980
373,3452
373,3692
373,4171
373,4294
374,420
374,421
374,422
374,423
374,1044
374,1045
374,1046
374,1331
374,1867
374,2696
374,2896
374,3624
374,3823
375,416
375,1072
375,1362
375,1579
375,1952
375,2154
375,2371
375,3195
375,3311
376,496
376,497
376,498
376,499
376,828
376,1169
376,1170
376,1560
376,2796
376,2808
376,2809
376,2868
376,3741
377,309
377,892
377,893
377,907
377,2268
377,2503
377,3402
377,3403
378,677
378,987
378,1410
378,1487
378,1567
378,1600
378,2691
378,2994
378,3221
379,475
379,476
379,1134
379,1379
379,1577
379,2011
379,2241
379,2719
379,2722
379,3955
380,336
380,644
380,940
380,1408
380,2177
380,3568
380,3950
380,3977
381,775
381,828
381,1154
381,1605
381,1606
381,3307
381,4252
382,598
382,1218
382,2126
383,747
383,756
383,1928
383,2537
383,3176
383,4211
384,396
384,580
384,608
384,997
384,1582
384,3434
384,3573
384,3777
384,4041
385,406
385,407
385,584
385,659
385,2510
385,2511
385,2512
385,3210
385,3409
385,3417
386,527
386,793
386,1221
386,1223
386,1446
386,1906
386,2008
386,2232
386,2852
386,3078
386,3797
387,519
387,1215
387,1684
387,2091
387,3178
387,3581
387,3633
387,3795
387,4050
388,436
388,655
388,3043
388,3527
388,3661
388,3996
389,750
389,1542
389,2347
389,2348
389,2349
389,3191
389,3903
389,4135
390,456
390,2925
390,3010
390,3011
390,3827
390,4172
391,403
391,904
392,318
392,777
392,796
392,1434
392,2208
392,3064
393,3670
393,4058
393,4059
394,692
394,693
394,1474
394,1475
394,1476
394,3107
395,296
395,459
395,460
395,470
395,534
395,556
395,749
395,920
395,1193
395,1439
395,1740
395,1999
395,2148
395,2281
395,2756
395,2872
396,605
396,752
396,1534
396,2428
396,2463
396,3181
396,3910
397,785
398,431
398,486
398,487
398,488
398,1161
398,1162
398,1163
398,1164
398,1165
398,1471
398,1969
398,1970
398,2255
398,2567
398,2803
398,4016
399,1320
399,2258
400,610
400,918
400,1337
400,1592
400,1931
400,2053
400,3579
400,3820
400,3916
400,3917
400,3982
400,4023
401,2019
402,430
402,760
402,1069
402,1076
402,1077
402,2470
402,2719
402,2720
403,826
403,845
403,1276
403,1344
403,1345
403,1346
403,1796
403,2138
403,2977
404,329
404,443
404,1083
404,1084
404,1085
404,1086
404,1219
404,1232
404,3335
404,3660
404,4049
404,4282
405,602
405,2132
405,2968
405,2969
405,3905
405,3906
405,3907
405,3908
406,3349
406,3924
407,372
407,970
407,971
407,2626
407,2644
407,2805
407,2877
407,3203
408,806
408,1278
408,1530
408,1583
408,2338
408,2405
408,2406
408,2407
408,2408
408,2740
408,3257
408,4212
409,418
409,1038
409,1039
409,1533
409,1864
409,1865
409,2692
409,3618
410,646
410,647
410,1419
410,1420
410,1421
410,1422
410,2183
410,2184
410,2185
410,2285
410,2682
410,2761
410,3038
410,3039
410,3040
410,3741
410,3851
410,3981
410,3982
410,3983
411,797
411,1009
411,3189
411,3504
411,3587
411,3822
411,4288
412,728
412,853
412,854
412,1027
412,1656
412,3365
412,3483
413,298
413,299
413,811
413,872
413,1197
413,1672
413,2570
413,3333
413,3376
413,3377
413,3378
413,3509
414,1164
414,1324
414,1478
414,3211
414,3801
414,4062
414,4063
414,4064
415,786
415,787
415,2376
415,4175
416,855
416,1159
416,1170
416,1185
416,1862
416,1984
416,2817
416,2843
416,3756
416,3757
417,328
417,373
417,560
417,972
417,1153
417,1784
417,1785
417,1786
417,2628
417,3541
418,550
418,551
418,1163
418,1717
418,2049
418,2878
418,2879
418,3197
418,3823
418,4275
419,358
419,476
419,1134
419,3362
419,3770
419,4002
419,4003
420,427
420,576
420,832
420,870
420,928
420,945
420,2642
420,3001
420,3960
421,539
421,1234
421,1997
421,2032
421,2679
421,3105
421,3472
421,4207
422,446
422,638
422,1398
422,1970
423,311
423,1505
423,1667
423,3033
423,3089
423,3275
423,3316
424,340
424,417
424,1012
424,1036
424,1037
424,1863
424,1923
424,2606
424,2757
424,3172
424,3615
424,3791
425,320
425,557
425,943
425,1262
425,2401
425,3433
426,805
426,2563
427,463
427,817
427,818
427,819
427,867
427,2096
427,2788
427,3201
427,4236
427,4237
428,309
429,559
429,932
429,1722
429,2565
430,689
430,754
430,788
430,818
430,1715
430,1809
430,2079
430,2104
430,2308
430,3572
430,3990
431,481
431,988
431,2553
431,3449
431,3450
431,3959
432,577
432,2130
432,2131
432,2793
433,866
433,1032
433,2461
433,2462
433,2487
433,3133
433,3351
433,3618
433,3973
433,4281
434,444
434,445
434,1089
434,1090
434,1466
434,2013
434,2732
434,3664
435,629
435,716
435,839
435,840
435,1628
435,3065
435,3331
436,600
436,601
436,2129
437,659
437,660
437,2214
437,2710
437,3069
437,3070
437,3071
438,1538
438,2233
438,2329
438,2635
438,3177
438,3877
438,4123
438,4124
439,460
439,1108
439,1109
439,1913
439,3132
439,4026
440,789
440,3596
440,3811
440,4091
441,658
442,1465
442,1466
442,1467
442,1468
442,2251
442,2252
442,3104
442,4042
443,329
443,330
443,1705
443,1706
443,3436
443,3437
444,351
444,500
444,501
444,780
444,1171
444,1947
444,1975
444,2291
444,2754
444,2970
444,3096
444,3323
444,3571
444,3743
444,3744
444,3745
444,3907
444,3965
444,3970
445,458
445,459
445,1912
445,3690
446,475
446,1115
446,2733
446,2752
446,3445
447,666
447,1642
447,2656
447,3161
447,3168
448,463
448,876
448,1664
448,1917
448,2265
449,314
449,575
449,1654
450,394
450,636
450,780
450,781
450,782
450,1255
450,1422
450,2393
450,3828
450,4171
450,4172
451,543
451,544
451,890
451,2867
452,548
452,549
452,877
452,1254
452,3098
452,3822
453,485
453,678
453,1961
453,1962
453,2350
453,3734
454,470
454,1921
454,1922
455,1973
455,3041
456,438
456,439
456,1080
456,1409
456,3657
456,4205
458,511
458,512
458,1197
458,2828
458,4124
459,1965
459,2643
459,3551
459,3552
460,802
460,1581
460,1617
460,1618
460,3359
460,4109
460,4167
460,4278
461,598
461,1320
462,301
462,2414
462,2689
462,3338
462,3339
462,3354
462,3425
462,3768
462,3773
462,4105
462,4204
463,1789
463,1790
463,2637
463,3053
464,495
464,673
464,674
464,675
464,2103
464,3740
465,1115
465,2055
465,3505
465,3506
465,3507
465,3603
466,2871
466,2872
466,4099
467,1241
467,1383
467,1397
467,2599
468,530
468,781
468,782
468,1120
468,1217
468,1232
468,1582
468,2027
468,2830
468,4194
468,4210
469,425
469,426
469,3625
470,772
470,2370
471,591
471,592
471,1314
471,1315
472,522
472,1100
472,1222
472,2084
473,319
473,399
473,453
473,3456
474,359
474,1036
474,1558
474,3220
474,3529
474,3738
475,665
475,1547
475,2351
475,4007
476,1180
476,1941
476,2423
476,3721
476,4180
477,753
477,754
477,755
477,2353
477,3325
477,4140
477,4146
477,4224
478,457
478,1416
478,1417
478,1418
478,2193
478,3980
479,300
479,757
479,3196
479,3690
479,3785
479,3931
480,1975
480,3964
481,642
481,1269
481,1403
481,2039
481,2048
481,2174
481,3219
481,3976
482,580
482,581
482,865
482,1301
482,2097
482,2927
482,3864
483,402
483,4074
484,680
484,681
484,1454
484,2236
484,2536
484,3098
484,3266
485,555
485,791
485,1570
485,1571
485,1787
485,3234
485,4187
485,4188
485,4189
485,4190
486,2549
486,3447
486,3628
487,513
487,3205
488,299
488,493
488,1402
488,3123
488,3256
488,3557
489,740
489,784
489,2746
490,294
490,2030
490,2093
490,2107
491,481
491,1955
491,2228
491,2792
491,3371
492,489
492,1999
492,4274
493,3277
493,3278
493,4225
495,335
495,336
495,928
495,2563
495,3466
496,783
496,784
496,1557
497,1561
497,2041
497,2102
497,2352
497,2489
497,3174
497,3983
497,4138
498,384
498,385
498,1451
498,1871
499,803
499,1382
499,2162
500,884
500,1682
500,2493
500,3392
500,3393
501,331
501,2548
502,2807
502,3738
503,509
503,1109
503,1309
503,1992
503,2483
503,2823
503,2944
503,3765
504,1216
504,2358
504,2843
505,860
505,1962
505,3924
505,4307
506,440
506,817
506,2522
506,2726
506,2760
506,4255
507,1969
507,2711
507,3348
507,3407
508,736
509,667
509,3083
509,4010
510,585
510,804
510,2897
511,790
512,701
512,2272
512,3215
513,3918
515,602
516,597
516,702
516,1485
516,1968
516,2702
516,3121
516,3552
517,1522
517,1853
518,465
518,466
518,1462
518,1809
518,2753
518,2886
518,3566
518,3708
519,395
519,994
519,995
519,996
519,2217
519,3454
519,3572
520,484
520,3791
521,415
521,2089
521,4269
522,462
522,1916
522,3695
524,351
524,352
524,1749
524,2129
525,540
525,1926
525,2648
525,2862
525,2863
525,3808
525,3999
526,458
526,1229
526,3555
527,478
527,3589
528,750
529,653
529,763
529,2205
530,477
530,1395
530,1951
530,2122
530,3735
531,553
531,554
531,555
531,1257
531,1258
531,3830
532,307
532,308
532,2697
532,2887
532,3401
532,3888
532,4203
533,353
533,354
533,634
533,1751
533,3637
534,691
534,2884
535,484
535,1959
535,2799
535,3381
536,526
536,2174
536,3739
536,3808
536,4019
537,3751
538,779
538,4169
538,4170
539,393
539,437
539,464
539,729
539,2390
539,3247
539,3726
539,4200
540,715
540,1694
541,545
541,1167
541,1540
541,2194
543,2475
544,1314
544,3410
545,303
546,937
546,1430
546,2194
546,3050
547,353
547,849
547,1802
547,1986
547,2596
547,2648
547,3654
550,469
550,1560
550,4176
551,578
552,556
552,1259
552,3831
553,2189
553,2221
553,2256
553,2930
554,1974
554,3532
554,3742
555,1792
555,1804
555,4006
556,717
556,2297
557,745
557,1228
558,606
558,2135
558,3323
559,839
559,2115
561,534
561,3803
561,3804
563,391
564,2962
565,712
567,807
569,584
570,2770
571,582
571,583
572,337
573,390
573,1808
574,809
574,2968
576,349
576,350
576,1020
576,4296
577,595
578,579
579,650
579,2193
580,528
580,696
580,705
580,708
580,808
580,831
580,2221
580,2545
580,2546
580,2547
581,682
582,749
582,2281
583,338
584,585
585,546
585,1249
585,3815
586,4110
586,4111
587,609
587,2701
587,2932
587,3815
587,4044
588,771
588,2056
589,2621
590,590
590,3699
591,3162
591,4015
591,4035
592,432
594,603
594,2972
597,535
598,714
599,532
600,490
601,1058
601,1626
601,1825
601,2443
601,2445
601,2938
601,4270
602,868
603,1071
603,1274
603,1275
603,1297
603,1353
603,1354
603,1624
603,1993
603,2364
603,2736
603,3841
603,3842
603,3843
603,3844
603,3845
603,3977
604,1556
604,1752
604,1754
604,2502
604,2598
604,2599
604,2600
604,2990
604,3232
604,3512
604,3513
604,3514
604,3515
604,3516
604,4070
605,1055
605,1531
605,1532
605,2325
605,2909
605,2922
605,3085
605,3169
605,4149
606,1159
606,1160
606,1940
606,2801
606,3402
606,3733
607,904
607,2742
608,1267
608,1268
608,1269
608,1270
608,1271
608,1474
608,2065
608,2066
608,2384
608,3760
608,3837
609,885
609,1683
609,2497
609,3394
610,922
610,1385
610,1702
610,1712
610,2111
610,2365
610,2556
610,2921
610,3056
610,3269
610,3353
610,3452
610,3666
611,1619
611,1620
611,1621
611,1622
611,1863
611,2301
611,2346
611,2437
611,2658
611,2670
611,2774
611,2853
611,3318
611,3319
611,3405
611,3936
612,968
612,969
612,1079
612,1117
612,1293
612,1396
612,1507
612,1779
612,1984
612,2230
612,2624
612,2625
612,2632
612,2803
612,4150
613,1093
613,1288
613,1289
613,2090
613,2091
613,2369
613,2915
613,3264
613,3300
613,3860
613,3861
613,3862
614,894
614,1117
614,1486
614,2309
614,2751
614,2816
614,3347
614,3701
614,3831
614,3894
614,3957
615,1338
615,1405
615,1406
615,1407
615,2975
616,1361
616,1362
616,1523
616,1587
616,1631
616,1782
617,936
617,1156
617,1241
617,1380
617,1812
617,2035
617,2595
617,2659
617,2865
617,2977
618,1130
618,1315
618,1938
618,2020
618,2021
618,2368
618,3956
619,938
619,997
619,1072
619,1124
619,1357
619,1546
619,1579
619,1580
619,2191
619,2406
619,2657
619,3505
619,3604
619,3913
619,3946
619,4126
619,4196
620,1175
620,1176
620,1237
620,1920
620,1979
620,2043
620,2677
620,2810
620,2811
620,3097
620,3131
620,3701
620,3749
621,1555
621,1900
621,2371
621,3296
621,3848
622,1056
622,1057
622,1058
622,1059
622,1876
623,1192
623,2165
623,2166
623,3016
623,3017
623,3018
624,1652
624,1653
624,2470
624,2471
624,2472
624,2473
624,3360
624,3361
624,3362
624,3363
624,4291
624,4292
624,4293
624,4294
625,1361
625,1366
625,4071
626,1011
626,1012
626,1013
626,1014
626,1838
626,1839
626,2303
626,3114
626,3594
626,3595
626,3596
627,1155
627,1156
627,1157
627,1158
627,2797
627,2798
627,3173
627,3482
627,3510
627,3650
628,1087
628,1697
628,2284
628,2813
628,3336
628,3662
628,3786
628,4127
628,4256
629,1067
629,1643
629,1644
629,2246
629,2465
629,2466
629,3352
629,3353
629,3354
629,4054
630,1278
630,1388
630,2899
630,3766
631,1177
631,1508
631,1644
631,1922
631,1963
631,1964
631,2065
631,2777
631,3183
631,3752
631,3753
631,3754
631,4296
632,1424
632,1613
632,1614
632,2436
632,3314
632,3315
632,3316
632,3317
632,4257
632,4258
632,4259
632,4260
633,983
633,1336
633,2177
633,2804
633,2973
633,2998
633,3008
633,3260
633,3477
633,3914
634,873
634,874
634,875
634,876
634,877
634,878
634,879
634,1121
634,1344
634,1680
634,1681
634,1781
634,2488
634,2489
634,3381
635,1615
635,1616
635,2167
635,3421
635,3748
635,4261
636,1525
636,1526
636,1527
636,1528
636,2321
636,2322
636,2645
636,2971
636,3168
636,3408
637,1258
637,1381
637,3008
638,1151
638,1175
638,1202
638,1203
638,1204
638,2832
638,3379
638,3774
639,1010
639,1184
639,1211
639,1590
639,2016
639,3274
639,3275
639,3276
639,3437
639,3471
640,1127
640,1128
640,1129
640,2776
640,2777
640,3716
641,1406
641,1407
641,2975
641,3106
641,3750
642,898
642,961
642,978
642,1004
642,2591
642,2605
642,3553
643,913
643,1088
643,1547
643,1792
643,1890
643,1891
643,2684
643,2730
643,2731
643,2907
643,3028
643,3191
643,3660
643,3663
644,1143
644,1152
644,1325
644,1326
644,1327
644,2961
644,2964
644,3272
644,3893
644,3894
644,3895
644,3896
644,4057
645,1001
645,1510
645,1527
645,1558
645,2306
645,2620
645,2819
645,2953
645,3152
646,1157
646,1378
646,1379
646,1380
646,2158
646,2159
646,3007
646,3782
646,3955
647,1016
647,1526
647,1599
647,2506
647,2717
647,2836
647,2903
647,4155
648,1371
648,1403
648,1658
648,1712
648,2105
648,2658
648,2921
648,2937
648,2938
648,3056
648,3475
648,3569
648,3761
648,3871
648,3936
648,4079
648,4140
648,4184
649,1233
649,1352
649,2029
649,2443
649,2678
649,4248
650,1201
650,1601
650,1877
650,2198
650,3200
650,4225
651,941
651,1063
651,1097
651,1220
651,1729
651,1878
651,4118
652,3997
653,1181
653,1633
654,1091
654,1092
654,1770
654,1892
654,1893
654,1894
654,2669
654,2733
654,3115
654,3294
654,3459
654,3597
655,899
655,1104
655,1147
655,1532
655,1643
655,1850
655,1872
655,1938
655,2342
656,1498
656,1581
656,2004
656,2169
656,2833
656,2846
656,2945
656,3866
656,4065
657,1139
657,1270
657,1495
657,1553
657,2188
657,2333
657,4228
658,887
658,971
658,1250
658,1251
658,2877
658,3054
658,3277
658,3374
658,3803
658,3820
658,3821
659,949
659,950
659,951
659,1537
659,1745
659,2049
659,2366
659,2591
659,2592
659,2593
659,3501
659,3502
659,3503
659,3504
660,1328
660,1550
660,2072
660,2110
660,3900
661,977
661,1250
661,1614
661,1787
661,1788
661,2373
661,2562
661,3148
661,3334
662,1592
662,2419
662,2426
662,2822
662,3292
662,3567
662,4240
663,944
663,1182
663,1183
663,1304
663,1367
663,1700
663,2447
663,2807
664,1060
664,1877
665,954
665,1039
665,1586
665,1621
665,1882
665,2415
665,2797
665,3530
666,1113
666,1246
666,1247
666,1248
666,2869
666,2870
666,3659
666,3812
666,3813
666,3814
667,874
667,942
667,1150
667,1603
667,1629
667,2264
667,3480
667,4273
669,1187
670,1034
670,1279
670,1328
670,1329
670,1330
670,2127
670,2128
670,3902
670,3903
671,1126
671,1131
671,1939
671,2496
671,2911
671,3157
671,3720
672,1123
672,1158
672,2372
672,3159
672,3160
672,3292
672,3792
672,4164
673,879
673,1382
673,1600
673,1601
673,1602
673,2957
673,3297
673,3298
674,1393
674,1518
674,2168
674,2169
674,2170
674,3023
674,3074
674,3940
675,1640
675,2456
675,2457
675,2458
675,2459
675,2460
675,3347
675,3348
675,3349
675,3350
675,3685
675,4122
676,967
676,1064
676,1073
676,1855
676,1856
676,1857
676,2420
677,1068
677,1536
677,1699
677,1843
677,2664
677,3433
678,1209
678,1404
678,3249
679,875
679,959
679,1386
679,2604
679,3498
680,985
680,986
680,1496
680,1747
680,2219
680,2220
680,2351
680,3076
680,3494
680,3876
680,3951
680,4006
680,4107
680,4230
681,1065
681,1144
681,1198
681,1199
681,1477
681,1996
682,1243
682,1244
682,1245
682,2809
682,2868
683,988
683,1221
683,1326
683,1447
683,1785
683,2234
683,2653
683,3096
683,3097
683,3562
683,4104
684,1383
684,1384
684,2164
684,3014
684,3015
684,3957
684,3958
685,969
685,1463
685,1464
685,2779
685,3103
685,4041
686,1132
686,1133
686,1942
686,2779
686,3039
687,1534
687,1535
687,2503
688,1147
688,1148
688,1149
688,1310
688,1311
688,1869
688,1966
688,2222
688,2624
688,3128
688,3279
688,3563
688,3601
689,1116
689,1624
689,2750
689,4265
690,923
690,940
690,2571
690,3477
690,3478
690,3479
690,3947
691,1394
691,1395
691,1679
691,2751
692,1447
692,1476
692,1593
692,1594
692,1595
692,1596
692,1597
692,1598
692,4241
692,4242
693,1332
693,1641
694,1139
694,1215
694,1945
694,2781
694,3633
695,966
695,1171
695,2402
695,2956
695,3253
695,3319
695,3687
695,4198
695,4209
696,1256
696,2731
696,3141
696,3307
696,3928
696,4089
697,1233
697,1515
697,2178
697,2209
697,3684
698,908
698,1303
698,3289
698,3322
698,3525
699,1191
699,1192
699,1987
699,3760
699,3761
700,1603
700,1604
700,3304
700,3305
700,4249
700,4250
701,1337
701,1517
701,1518
701,1519
701,2309
701,3153
701,3154
701,3155
701,3156
701,3157
701,4093
701,4094
702,1125
702,1494
702,1735
702,2123
702,2773
702,3561
702,3927
702,4154
703,1288
703,1365
703,2321
703,3683
703,3837
703,4100
704,1588
704,1589
704,3269
704,3270
704,3271
704,3272
704,4220
704,4221
705,933
705,1073
705,1074
705,1075
706,1165
706,1365
706,2131
706,2526
706,2889
706,3683
707,921
707,2529
708,947
708,2555
708,2585
708,2586
708,2810
708,2927
708,3153
709,1296
709,1297
709,1298
709,2921
710,1277
710,1503
710,1504
710,1505
710,2300
710,4088
711,1524
712,896
712,897
712,1281
712,1690
712,3000
712,3051
712,3314
713,1437
713,1438
713,2766
713,4307
714,1040
714,1085
714,1138
714,1918
714,2305
714,3165
715,1188
715,1958
715,2034
715,2146
716,1425
716,1426
716,3985
716,3986
716,3987
716,3988
717,1460
717,1461
717,2578
717,3101
718,1636
718,1637
718,1638
718,1639
718,2455
718,3345
718,3346
718,4279
719,1024
719,1161
719,1227
719,1419
719,1517
719,1539
719,2073
719,2818
719,3156
719,3698
719,3963
719,3984
719,4095
720,1179
720,1980
720,1982
720,2813
720,2815
721,1252
721,1253
722,889
723,1082
723,1634
723,3340
723,3341
723,3342
723,3343
724,914
724,1178
724,3428
725,1260
725,1967
725,2882
726,1494
726,1495
727,1565
727,2136
727,2322
727,3034
727,3895
728,1498
729,1079
729,2723
729,3654
730,1086
730,1453
730,1778
730,2979
730,3330
730,3644
731,2250
731,3102
731,3399
733,1262
733,1654
733,1655
733,2539
733,2579
733,3026
733,4297
734,3865
735,1189
735,1214
735,1401
735,1402
735,1415
735,1445
735,2792
736,1035
736,1587
736,2690
736,3317
736,4253
737,1190
737,1561
737,2377
738,1490
739,1584
739,1617
739,1618
739,1690
739,3216
740,979
740,982
740,1294
740,1719
740,2403
740,3677
741,1017
741,1576
741,2673
741,3155
741,3599
741,3600
742,1275
742,1624
742,4298
743,1520
743,1574
743,2314
743,2568
743,4077
744,942
744,1140
744,1244
744,1245
744,1423
744,2052
744,2341
744,3984
745,1404
745,1625
745,3326
745,3327
745,3328
745,4303
746,1042
746,1180
746,1181
746,1695
746,1981
746,2454
746,2814
747,1205
747,2829
747,2833
747,3776
748,1102
748,1318
748,3017
748,3880
749,1083
749,1194
749,2005
750,1033
750,1279
750,2468
750,3853
750,3854
750,3855
750,4301
751,1306
751,1307
751,3535
752,1355
752,2978
752,2979
753,867
753,1666
753,2482
754,1015
754,1628
754,2263
754,2486
754,3116
755,1100
755,1479
755,2153
755,2864
755,3073
755,3237
755,3258
756,1433
756,3055
756,3992
757,1122
757,2507
758,1137
758,1138
758,1295
758,1405
758,1944
759,918
759,919
759,1704
759,2543
759,3435
760,1033
760,1034
760,3612
760,3613
760,3967
760,4299
762,1017
762,1454
762,1985
762,2474
762,2538
762,3111
762,3328
762,3747
763,1149
763,1607
763,3308
763,3432
763,3962
763,4221
764,1363
764,2989
765,962
765,1313
765,2111
765,3101
766,1145
766,1431
766,3902
767,1608
767,1609
767,2597
767,3309
767,3310
767,3311
767,3910
767,4253
768,1048
768,1049
768,1225
768,1435
768,2336
768,2785
769,1030
769,1031
769,1854
769,2182
769,3863
770,1528
770,1641
770,1642
770,3140
770,4247
771,1458
771,2790
771,3068
771,3163
772,952
772,953
772,954
772,955
772,2595
772,3509
772,3510
772,3511
772,3780
773,1575
773,1576
773,1577
773,1578
773,2395
773,2396
773,2695
773,3244
773,3245
773,4198
774,1140
774,2782
775,4127
775,4128
776,1370
776,1427
776,2153
776,2495
776,3944
776,3945
776,3946
777,944
777,945
777,946
777,973
777,1292
777,2476
777,2584
777,3496
778,1482
778,1483
778,2488
778,3119
779,878
779,1029
779,1480
780,981
780,998
780,1169
780,1780
780,2113
780,2839
780,3539
781,1121
781,1122
781,2754
781,4129
782,1529
782,2451
782,2688
783,1162
783,1194
783,2491
783,2820
783,3843
784,910
784,943
784,1734
784,1735
784,1736
784,2579
785,1035
785,1861
785,2690
785,3021
785,3879
786,1280
788,1015
788,1092
788,2900
788,3033
788,3599
789,1296
789,3142
789,3520
790,1098
791,903
791,977
791,1543
791,1544
791,1545
791,1546
791,2350
791,2485
791,3952
791,4136
792,1153
792,1154
792,1958
792,3731
793,1303
793,1438
793,2542
794,1469
794,1470
794,4043
795,1126
795,1273
795,1935
795,3091
796,1458
796,2243
796,4015
797,1028
797,1703
797,3616
797,3617
798,1026
798,1305
798,2929
798,2930
798,3305
798,3523
798,3868
799,1533
799,2266
799,2328
799,2461
799,3172
799,3173
799,3174
799,3177
799,3403
799,4120
800,1308
800,2234
800,2931
800,2932
800,3869
800,4056
801,1392
801,2417
801,3021
801,3847
802,1150
802,1151
802,1152
802,1954
802,2789
803,1475
803,1864
803,2151
803,2152
804,1541
804,4130
805,3710
806,2463
806,4283
807,1536
807,1537
808,1564
808,1565
808,2383
808,2384
808,2385
808,3228
808,3229
808,4186
809,1318
810,1516
810,3145
811,1553
811,2713
811,2937
811,3122
811,3750
811,4163
812,964
812,1040
812,1866
813,4241
814,2380
814,2531
814,3623
815,1327
815,1349
815,1937
816,1306
816,1311
816,2941
816,2942
816,3877
817,1193
817,1682
817,1851
817,2133
817,2819
817,2959
817,3464
817,3762
818,1113
818,1114
818,1514
818,3696
819,1604
819,1820
819,1860
820,1479
820,1480
820,4066
821,1268
822,1376
822,1908
822,3019
822,3960
822,3961
822,3962
822,4017
822,4252
823,929
823,1428
823,1549
823,2610
824,1368
824,1369
824,2997
825,1037
825,1584
826,960
826,2282
826,3023
826,3131
827,1019
827,1493
828,1367
828,1844
828,2995
829,1226
829,2857
829,3870
830,2824
830,2963
830,3721
830,3766
830,3767
830,3768
831,1342
831,1343
831,2976
831,3922
832,1078
832,2317
833,1222
834,1529
834,1530
834,2525
835,1041
835,1042
835,1043
835,3620
835,3621
835,3622
836,984
836,1118
836,1186
836,1200
836,1245
836,2494
836,2831
836,3134
836,3135
837,2989
837,3199
838,1135
838,1137
838,1255
838,1794
838,2053
838,3827
838,3828
839,1080
839,1146
839,3142
839,3478
839,3805
840,1429
840,1583
840,3048
840,3503
841,1173
841,1234
841,1926
842,910
842,2527
842,2528
842,3422
842,3423
842,3424
842,3425
843,1166
843,1701
843,2161
843,3090
844,1062
844,2560
844,3461
845,1739
845,2286
845,4131
846,1635
846,2454
847,1078
847,3653
848,1174
848,3253
849,1448
849,1449
849,1450
849,4022
850,1129
851,1540
851,1972
851,2100
851,2101
852,868
852,1492
852,3280
853,1570
853,3135
853,4084
853,4189
854,1021
854,1704
854,2484
854,3488
855,1595
855,2946
855,4159
856,891
856,1203
856,2616
856,2821
856,3379
856,3436
856,3536
856,3813
856,3938
857,2794
858,1481
858,3170
859,1261
860,1449
860,1496
860,4078
861,1051
861,1335
861,2892
861,2893
861,4177
862,2096
862,2926
862,3911
863,2396
863,2437
863,2954
864,920
864,1191
864,2148
864,2544
865,1227
865,2860
865,3416
865,3679
866,1354
866,4046
867,1028
867,2682
868,1945
868,2126
868,3898
869,1044
871,1261
871,2524
872,1177
872,1302
872,1557
872,2078
872,3470
872,3528
872,3871
872,4034
873,1094
873,1334
874,905
874,906
874,949
874,1089
874,1605
875,3897
877,1569
877,1693
877,2304
877,3166
878,1266
878,3502
878,3578
880,1334
880,2451
880,3344
880,4278
881,987
881,1567
881,1568
881,1569
881,2386
882,1300
882,1485
882,2095
885,871
886,2378
887,2099
888,3068
889,929
890,995
890,1224
890,2920
891,930
892,1206
893,1206
894,1347
895,1312
896,930
896,931
897,1096
898,1571
898,3234
899,1309
900,1516
901,1847
901,2431
901,2432
901,2433
901,2434
901,2473
901,3300
901,3301
901,3302
901,3303
901,4248
902,2275
902,2276
902,2277
902,2278
902,2279
902,2280
902,3126
902,3127
902,4075
902,4076
902,4077
903,1706
904,2235
904,2416
904,2417
904,2418
904,2419
904,4226
904,4227
904,4228
904,4229
904,4306
905,2429
905,2430
905,4244
905,4245
905,4246
906,1745
906,2241
906,2242
906,2290
906,2472
907,2430
907,2439
907,2673
907,3320
907,3321
907,3939
907,4242
907,4262
908,1854
908,1894
908,2400
909,3923
910,1940
910,2035
910,2778
911,2137
911,3919
911,3929
911,4246
912,2149
912,2196
912,3247
913,1668
913,1917
913,2086
913,2094
913,2176
913,2418
913,2519
913,2984
913,3062
914,2268
914,2269
915,2176
916,2105
916,2325
916,2438
916,3130
916,3400
916,4001
916,4186
917,2429
918,2338
918,3185
919,1961
919,1991
919,2344
919,2345
919,3190
919,4283
920,1834
920,1889
920,2123
920,2255
920,3527
920,3661
921,2344
921,2345
921,2346
921,3190
921,3562
921,3795
921,4134
922,2119
922,3881
923,2034
924,1696
924,1932
924,2209
924,2410
925,1661
926,2287
926,2373
926,2374
926,2375
927,2386
927,2826
927,2827
928,2044
928,2045
928,2046
928,2097
928,2289
929,1881
929,1882
929,1933
929,1976
929,3650
930,2244
930,2245
930,2246
930,4036
931,1760
931,1840
931,2248
931,3546
932,2264
932,2265
932,2266
932,2663
932,3064
932,4069
933,1797
934,1788
934,2292
934,2362
934,2623
934,3516
935,1835
935,1892
935,1944
935,2054
935,2360
936,2342
936,2343
936,3187
936,3188
937,1668
937,1766
937,2267
937,2475
938,1880
938,2225
938,3647
939,1759
939,2158
939,2172
940,1776
940,1802
940,2029
940,2082
940,2313
940,2319
940,2323
940,2415
941,1701
941,2140
941,2211
941,2212
941,2399
941,2465
941,3218
941,3419
942,2358
942,2359
942,3198
942,3199
942,3200
942,3201
942,4147
942,4148
943,2307
945,1849
945,2416
945,3567
946,1680
946,1981
946,2069
946,2071
946,2072
946,2128
947,2291
947,2292
947,3146
947,3356
947,4085
947,4086
948,2116
948,2280
948,2301
948,2389
949,1925
949,2203
949,2314
949,3054
950,2167
951,1786
951,1812
951,1813
951,1814
951,3651
952,1726
952,1727
952,1728
952,2570
952,2782
952,3476
953,2037
953,2185
954,2261
954,2262
954,3004
954,3108
954,4068
955,1730
955,3291
955,3758
955,3759
956,1807
956,2022
956,2466
957,2076
958,1774
958,2051
958,2052
958,3826
959,1665
959,1699
959,2159
959,2271
959,2462
959,3868
960,1993
960,1994
960,2825
960,2875
961,1702
961,1703
961,3809
962,1762
963,1929
963,1930
963,1931
963,2184
964,1770
964,1893
964,2081
964,2082
964,2900
964,2901
964,2902
964,2903
964,2906
964,4158
965,1919
965,2367
965,3127
966,2577
966,2578
966,3481
967,1988
967,1991
967,2504
968,1753
968,1936
968,1937
968,3717
969,1726
969,1781
969,1782
969,1783
969,1861
969,3540
970,1948
971,2118
971,2354
972,2224
972,2427
972,2428
972,3152
973,1831
973,2436
974,1965
974,1966
974,1967
974,1968
974,2294
975,1973
975,2219
976,1720
976,1721
977,1688
977,2073
977,2087
977,2533
977,3838
978,1918
978,1919
978,2727
979,1905
979,1906
979,4196
980,2300
980,2452
980,2453
982,1826
982,4304
983,1681
983,3368
983,3600
984,1746
984,2847
984,3225
984,3697
984,4233
985,1676
985,1677
985,1678
985,1679
985,4271
986,1979
987,1793
987,1794
987,1795
988,1669
988,2191
989,1667
989,1912
990,2038
990,2151
990,2383
990,2532
991,1729
991,2205
992,1890
992,2047
992,2074
993,1915
993,2421
994,1675
994,1866
994,2017
995,1956
995,1957
995,2793
996,2508
996,3405
997,1709
997,1710
997,1955
997,2395
997,2541
997,3444
997,3729
998,1761
998,2168
999,2067
999,2068
999,2479
1000,1960
1000,2448
1002,1870
1003,1907
1003,1908
1004,2363
1004,2364
1004,2460
1005,2440
1005,2441
1005,3810
1005,4263
1006,1829
1006,2662
1007,2365
1007,2366
1007,4156
1008,1886
1008,1954
1008,3648
1009,1742
1009,2450
1009,3987
1010,1842
1010,2130
1010,2210
1011,2069
1011,2070
1011,2166
1011,4231
1012,1780
1012,1934
1012,2397
1012,2398
1012,4218
1013,2006
1014,2108
1015,1758
1015,2252
1015,2310
1015,3473
1016,2171
1016,3025
1017,1995
1018,1711
1018,2197
1018,2355
1019,1862
1019,2691
1020,1915
1020,2284
1020,2285
1020,2286
1020,2287
1020,4081
1022,1855
1022,3614
1024,1674
1024,1899
1024,1900
1024,1901
1025,1810
1025,3193
1026,2421
1026,3281
1026,3282
1026,4235
1027,1671
1027,3105
1028,2279
1029,2041
1029,2356
1029,2439
1030,2447
1030,2448
1031,1898
1031,2298
1031,2299
1031,2318
1031,3138
1032,2329
1033,2335
1033,3181
1034,1971
1035,1943
1035,2296
1036,1985
1036,3427
1037,1688
1037,2759
1038,2215
1038,2216
1039,2200
1039,2337
1039,4080
1041,2394
1042,1683
1042,2110
1042,2964
1042,4130
1043,2181
1044,2093
1045,1837
1046,2149
1047,1720
1047,2083
1047,3230
1048,1885
1049,2521
1050,1927
1050,2312
1050,2615
1051,1891
1051,2098
1051,2800
1052,2015
1052,2016
1054,2109
1054,2273
1055,1753
1056,1867
1056,2027
1056,2324
1056,2388
1057,1693
1057,1694
1058,1746
1058,1747
1058,1748
1058,2594
1058,3508
1059,2132
1059,2226
1060,1856
1060,2112
1061,2247
1061,4037
1062,1883
1062,1884
1062,2543
1062,3038
1063,1779
1063,2230
1064,1692
1065,1713
1065,2125
1065,2249
1065,2382
1065,4040
1066,2326
1067,2336
1068,1686
1068,1687
1068,2504
1069,2055
1069,2056
1069,2057
1070,1756
1070,1757
1070,1758
1071,2339
1071,2340
1071,2341
1071,3186
1072,2160
1073,1920
1074,2150
1075,1741
1075,2191
1075,2310
1076,1765
1076,1841
1076,2425
1077,2259
1077,2869
1078,2492
1078,3222
1078,3384
1079,2435
1079,2445
1080,1750
1080,1784
1081,1764
1082,1677
1083,2385
1084,2401
1084,4203
1085,1759
1086,2100
1086,2101
1086,2102
1086,2103
1087,1724
1087,1725
1087,3286
1088,2013
1088,2856
1088,3800
1089,1670
1089,1671
1090,1707
1090,1708
1090,2227
1090,3442
1091,2474
1091,3364
1092,1738
1092,1739
1093,1722
1093,2412
1093,2413
1093,2414
1094,1848
1094,3763
1095,1751
1095,1924
1095,1925
1095,2254
1095,2765
1096,2223
1097,1837
1098,1833
1098,2141
1099,1997
1099,2552
1100,1858
1100,1859
1101,2376
1101,2380
1101,2381
1102,2424
1102,2741
1104,1827
1104,2239
1104,2240
1105,1738
1105,1930
1105,1963
1105,1964
1105,2444
1105,2616
1105,2802
1106,2164
1107,1719
1108,2420
1109,2076
1109,2077
1110,1989
1110,1990
1110,2347
1111,1789
1111,1853
1111,1887
1111,2505
1111,2506
1112,1849
1112,2320
1112,2967
1113,2028
1113,2348
1114,1749
1114,1808
1114,1946
1114,1947
1114,2135
1114,2297
1115,2267
1116,1737
1118,1902
1118,1903
1119,1927
1120,1717
1120,1718
1120,1868
1121,2039
1122,2217
1122,2218
1123,1998
1124,2233
1124,2235
1125,2009
1125,2088
1125,2212
1126,1839
1127,1873
1127,2707
1128,2089
1128,2142
1129,2134
1130,1910
1130,2071
1130,2199
1130,2663
1130,2883
1130,2951
1131,2025
1132,1852
1133,1689
1134,2327
1135,2175
1135,2387
1138,1731
1138,2251
1139,2014
1141,1755
1142,2192
1143,2469
1144,2521
1145,1763
1146,2413
1146,3164
1147,2528
1148,2213
1148,3068
1149,2316
1151,1732
1151,1733
1152,2136
1153,2404
1153,3256
1154,2012
1154,2592
1154,2647
1155,2140
1155,2141
1155,2649
1157,1811
1158,2390
1162,1956
1163,2014
1164,2459
1164,4055
1165,1806
1165,2050
1167,1718
1168,2061
1169,2904
1170,1818
1171,1811
1171,2658
1171,3102
1172,1816
1173,2200
1173,2201
1173,2337
1173,3220
1174,1921
1174,2283
1175,1801
1175,2260
1177,2202
1178,1732
1179,2276
1179,3818
1180,2232
1181,1662
1182,2211
1182,2212
1185,1716
1186,2031
1187,2059
1187,2263
1188,1815
1189,1661
1191,1673
1192,3068
1194,1818
1195,2018
1197,2018
1199,2195
1200,2253
1201,2729
1201,2834
1201,3185
1201,3678
1201,3733
1201,3777
1201,3778
1201,3779
1201,3797
1201,3826
1202,2923
1203,2638
1204,2899
1205,2609
1205,3009
1205,3481
1205,3646
1206,3118
1207,2692
1207,3639
1208,3365
1209,2996
1209,3358
1210,3355
1210,4223
1211,2861
1212,2666
1212,3009
1212,3341
1213,3159
1213,3160
1213,4102
1213,4103
1213,4104
1213,4105
1214,3306
1215,2853
1216,2905
1216,3118
1217,3324
1218,3066
1218,3141
1218,4009
1219,2748
1219,2749
1220,2604
1220,2627
1220,2668
1220,2765
1220,3771
1220,3916
1220,3917
1221,2580
1221,2652
1221,3293
1221,3548
1222,2840
1222,3689
1223,2973
1224,2851
1226,2725
1226,3280
1226,4232
1227,3073
1227,3074
1228,2515
1228,2996
1228,3154
1228,3236
1228,3329
1228,3569
1228,4081
1229,2517
1229,2518
1229,2519
1229,2520
1229,3108
1229,3570
1230,2481
1230,2874
1231,2671
1231,2730
1232,3079
1232,3080
1233,2880
1234,2939
1235,3063
1235,4174
1235,4295
1236,2823
1237,2994
1238,3170
1238,4175
1239,3222
1239,3223
1240,2706
1240,4055
1240,4084
1240,4210
1241,3175
1241,3889
1242,2680
1244,2889
1245,3117
1246,3058
1246,3441
1247,3231
1248,2821
1248,2822
1249,2646
1249,3291
1250,2675
1251,3315
1252,2724
1252,2725
1253,2986
1253,2987
1254,2798
1255,3366
1255,3367
1256,3290
1257,3124
1258,2705
1259,2685
1260,3186
1261,2482
1261,2904
1261,2905
1262,2494
1262,2495
1262,3391
1263,3221
1264,3113
1264,3114
1264,3115
1265,3610
1265,3649
1266,2542
1266,3360
1267,2808
1268,3366
1269,2588
1269,2668
1270,2546
1270,2619
1270,2849
1271,2484
1271,2862
1271,3484
1272,2681
1272,2720
1272,3147
1273,3233
1274,2572
1274,2573
1274,2574
1275,2954
1275,2955
1275,2956
1275,2957
1275,2958
1276,2502
1277,2901
1277,3602
1278,2859
1278,2972
1279,3100
1279,3158
1280,3285
1280,4203
1280,4271
1282,2671
1282,2936
1282,3593
1283,3204
1283,3246
1284,2756
1285,3283
1285,3284
1285,3285
1285,4121
1286,2505
1286,2506
1286,2835
1286,2836
1286,3878
1287,2947
1287,2948
1287,2949
1288,3265
1288,3266
1289,2722
1289,2941
1290,2732
1291,2527
1291,2928
1292,2829
1293,2764
1293,2780
1294,2499
1296,2864
1296,3187
1297,3005
1297,3006
1297,3067
1298,2771
1298,2824
1298,3044
1298,3059
1298,3258
1298,3259
1298,3260
1299,2612
1299,2629
1300,2923
1300,2924
1300,2925
1301,2508
1301,2881
1301,3345
1302,2757
1303,2866
1305,3004
1306,2707
1306,2962
1307,3077
1308,2902
1309,2888
1310,2976
1311,2891
1311,3289
1312,2926
1312,3010
1312,3011
1312,3012
1312,3013
1313,3124
1313,3125
1314,2524
1314,2908
1316,2963
1319,3050
1320,2672
1321,2965
1322,2738
1322,2896
1323,3364
1323,4234
1324,3146
1325,2888
1326,2687
1327,3022
1330,2860
1330,2885
1330,2886
1331,3163
1332,2873
1334,2724
1334,2802
1335,2596
1335,2597
1336,2728
1336,2800
1337,3202
1339,2611
1339,2694
1339,2857
1340,3116
1341,2582
1343,4123
1344,2934
1345,2918
1346,2845
1346,3284
1347,3357
1348,3188
1349,2787
1349,3167
1351,3164
1352,3031
1352,3228
1353,3340
1354,3171
1355,2513
1355,3727
1356,2935
1356,2936
1356,3036
1359,2685
1363,3066
1364,2967
1366,2787
1366,2788
1367,2547
1367,3218
1367,3219
1368,2662
1369,2920
1369,3356
1370,2735
1371,3332
1372,2881
1373,3368
1374,2863
1374,2894
1375,2541
1376,2844
1377,3351
1378,2627
1379,2697
1379,2698
1380,2721
1382,2558
1382,3043
1383,2553
1383,3182
1383,4284
1384,2559
1385,3126
1386,2480
1386,3120
1387,3083
1388,3230
1389,2492
1393,2790
1393,2791
1394,2755
1397,2875
1399,3867
1400,2601
1402,2746
1402,3344
1403,3051
1405,2698
1406,2576
1406,2650
1406,3234
1407,2729
1409,2966
1410,2928
1412,2890
1413,2621
1414,3067
1417,2516
1418,3183
1419,2997
1422,2931
1423,3003
1423,3279
1426,3081
1426,3082
1428,2747
1429,3192
1430,3241
1430,3242
1432,3299
1433,2518
1433,3256
1433,3274
1434,3024
1435,2516
1439,2830
1440,3267
1441,3145
1443,2614
1444,2775
1445,3123
1445,4073
1447,3233
1449,3040
1450,2876
1451,2485
1451,2607
1452,2693
1453,2769
1454,3060
1456,2999
1457,2734
1457,3046
1458,2586
1462,2689
1463,2871
1464,2880
1465,2744
1465,2745
1466,2651
1467,2555
1467,3451
1468,3138
1471,3273
1471,3772
1474,2943
1474,2944
1475,2587
1475,3497
1476,2842
1476,3184
1477,3235
1478,2805
1478,2806
1479,2562
1479,3087
1481,2943
1481,2944
1482,2933
1483,2794
1483,2795
1484,2550
1485,3053
1488,3062
1489,2768
1490,2804
1491,2514
1491,3254
1494,2630
1494,3267
1495,2594
1496,2841
1496,2842
1497,3242
1498,3049
1500,3132
1501,4245
1502,3646
1502,3755
1503,3615
1504,3704
1504,3949
1505,4067
1506,3467
1506,3655
1506,3656
1508,4001
1508,4069
1508,4144
1508,4168
1508,4199
1509,3415
1509,3416
1509,4068
1510,3435
1511,3446
1511,3695
1511,4227
1512,3448
1512,4165
1513,3445
1513,3446
1513,3774
1513,4244
1514,3598
1514,4304
1515,4290
1516,3819
1516,4108
1517,3959
1518,3704
1519,761
1519,3207
1520,3554
1520,3574
1520,3594
1520,3792
1521,3597
1521,3598
1521,3901
1522,3602
1522,3611
1523,4021
1526,3682
1527,3729
1527,3730
1527,4292
1528,3387
1528,4037
1529,4145
1530,3778
1531,3681
1532,3718
1532,3719
1534,3580
1535,3981
1535,4173
1537,3571
1537,3720
1538,4009
1538,4010
1539,3723
1540,3627
1541,3752
1541,3846
1542,3716
1542,3730
1543,4094
1544,3945
1544,3997
1545,3965
1546,3476
1547,3390
1547,4223
1547,4224
1549,4169
1550,3479
1551,3592
1551,3873
1552,4272
1553,3520
1554,4299
1554,4300
1554,4301
1555,3385
1555,3386
1555,3387
1555,3388
1555,3608
1557,4173
1557,4174
1559,3976
1560,4216
1560,4217
1560,4218
1561,4039
1563,3901
1564,3942
1565,3892
1566,4238
1567,3553
1567,3554
1568,3746
1569,3709
1569,3710
1570,3453
1570,3966
1571,3585
1571,3607
1572,3438
1572,3439
1572,3440
1573,4196
1575,3836
1577,3724
1577,3812
1578,4096
1579,4132
1579,4133
1581,3767
1581,4204
1581,4250
1582,3579
1582,4240
1584,3816
1586,3754
1586,3933
1586,3934
1587,3442
1588,3657
1588,4234
1589,4029
1590,3619
1590,3956
1591,3382
1592,3389
1592,3390
1593,4074
1594,3703
1595,3880
1595,3898
1596,4247
1597,3904
1598,3922
1598,4090
1599,3472
1599,3473
1600,3438
1600,3439
1600,3722
1601,3404
1601,4205
1602,4154
1602,4155
1603,3395
1605,4008
1606,3372
1606,3373
1607,4021
1607,4040
1608,3885
1608,3886
1608,3887
1610,3606
1612,4268
1613,3588
1615,3651
1615,3652
1616,3692
1616,3875
1617,4030
1617,4085
1618,3694
1619,4098
1620,3870
1621,4148
1622,4115
1623,4305
1624,4119
1625,3610
1626,4122
1627,3940
1628,3673
1629,3669
1630,4222
1631,3909
1632,3897
1633,3702
1635,3896
1635,4282
1636,3593
1637,4211
1638,4128
1639,3591
1639,4157
1640,3540
1642,3573
1643,3609
1643,3631
1643,3941
1644,4152
1646,3484
1648,4044
1649,3852
1650,4067
1651,3712
1652,3857
1652,4083
1653,3993
1654,4263
1655,3607
1657,3711
1658,3498
1659,3391
1660,3905
1660,3906
1662,3745
1662,4136
1663,3649
1664,3943
1665,3747
1665,3748
1666,3737
1669,3975
1670,4082
1671,4302
1672,3635
1674,3453
1675,4073
1676,3548
1676,3893
1677,3663
1680,3451
1683,3732
1683,3751
1684,3715
1686,3775
1687,4087
1688,3719
1689,3664
1689,3800
1690,3849
1692,3821
1692,4121
1693,4277
1695,3879
1696,3763
1696,3764
1698,4093
1699,4086
1701,4129
1702,4005
1704,4034
1706,3522
1706,3546
1706,3629
1708,3626
1710,3693
1711,4237
1713,3414
1714,3708
1715,4082
1719,3936
1721,4045
1722,3522
1722,3523
1723,3727
1724,4276
1727,4139
1728,3440
1730,3441
1731,3665
1732,3878
1736,3954
1737,3736
1739,4068
1740,4195
1741,3542
1741,3965
1743,3884
1745,3369
1745,3370
1746,4056
1746,4057
1747,3570
1750,3835
1751,3802
1752,4202
1753,3465
1755,3384
1755,3550
1756,4137
1757,4114
1758,3866
1759,4233
1760,4280
1761,4249
1762,4117
1763,4213
1767,3771
1767,3772
1767,3773
1768,3736
1769,3872
1769,4235
1770,4156
1771,3915
1772,3889
1775,3648
1776,4284
1777,3688
1778,3485
1782,4072
1782,4194
1785,3864
1786,3380
1789,3467
1789,3468
1790,3888
1791,4078
1793,3443
1796,3671
1796,3735
1797,3591
1797,3899
1799,3990
1799,3991
1800,3833
